{"type":"FeatureCollection","features":[{"type":"Feature","id":1,"geometry":{"type":"LineString","coordinates":[[-119.20788409399974,40.76745158178127],[-119.20827212522381,40.76745431882603],[-119.20866007811651,40.76746258171399],[-119.20904787398985,40.76747636876919],[-119.20943543418768,40.767495677195214],[-119.2098226801017,40.76752050307577],[-119.2102095331873,40.76755084137545],[-119.21059591497958,40.767586685940785]]},"properties":{"OBJECTID":1,"name":"K","source":"annular","kind":"annular","width_ft":50}},{"type":"Feature","id":2,"geometry":{"type":"LineString","coordinates":[[-119.20517227305866,40.76758668639152],[-119.20555865484265,40.76755084176187],[-119.20594550792086,40.76752050339782],[-119.20633275382842,40.767495677452864],[-119.20672031402073,40.76747636896242],[-119.20710810988945,40.7674625818428],[-119.20749606277845,40.76745431889043],[-119.20788409399974,40.76745158178127]]},"properties":{"OBJECTID":2,"name":"K","source":"annular","kind":"annular","width_ft":50}},{"type":"Feature","id":3,"geometry":{"type":"LineString","coordinates":[[-119.20788409407469,40.76797308297122],[-119.20788409399974,40.76745158178127]]},"properties":{"OBJECTID":3,"name":"4:30","source":"radial","kind":"avenue","width_ft":40}},{"type":"Feature","id":4,"geometry":{"type":"LineString","coordinates":[[-119.21059591497958,40.767586685940785],[-119.21097899103336,40.767627721299476],[-119.21136143424518,40.76767428688096],[-119.21174316478297,40.767726372965036],[-119.21212410296347,40.76778396867913],[-119.21250416926878,40.7678470620006],[-119.212883284363,40.76791563975919],[-119.21326136910882,40.767989687639826]]},"properties":{"OBJECTID":4,"name":"K","source":"annular","kind":"annular","width_ft":50}},{"type":"Feature","id":5,"geometry":{"type":"LineString","coordinates":[[-119.2025068190452,40.7679896885336],[-119.20288490377163,40.76791564058981],[-119.20326401884742,40.767847062768006],[-119.20364408513525,40.76778396938326],[-119.20402502329921,40.76772637360584],[-119.20440675382143,40.76767428745842],[-119.2047891970186,40.76762772181357],[-119.20517227305866,40.76758668639152]]},"properties":{"OBJECTID":5,"name":"K","source":"annular","kind":"annular","width_ft":50}},{"type":"Feature","id":6,"geometry":{"type":"LineString","coordinates":[[-119.21050640442802,40.76810373081897],[-119.21059591497958,40.767586685940785]]},"properties":{"OBJECTID":6,"name":"4:45","source":"radial","kind":"path","width_ft":20}},{"type":"Feature","id":7,"geometry":{"type":"LineString","coordinates":[[-119.20788409407469,40.76797308297122],[-119.20825931734947,40.76797573011853],[-119.20863446487203,40.76798372071587],[-119.20900946055164,40.76799705314251],[-119.20938422832839,40.76801572469425],[-119.20975869218856,40.76803973158396],[-119.2101327761801,40.76806906894235],[-119.21050640442802,40.76810373081897]]},"properties":{"OBJECTID":7,"name":"J","source":"annular","kind":"annular","width_ft":30}},{"type":"Feature","id":8,"geometry":{"type":"LineString","coordinates":[[-119.2052617837589,40.76810373125483],[-119.20563541199877,40.76806906931601],[-119.20600949598318,40.768039731895364],[-119.2063839598371,40.768015724943375],[-119.20675872760847,40.767997053329346],[-119.20713372328362,40.767983720840405],[-119.2075088708026,40.76797573018079],[-119.20788409407469,40.76797308297122]]},"properties":{"OBJECTID":8,"name":"J","source":"annular","kind":"annular","width_ft":30}},{"type":"Feature","id":9,"geometry":{"type":"LineString","coordinates":[[-119.2052617837589,40.76810373125483],[-119.20517227305866,40.76758668639152]]},"properties":{"OBJECTID":9,"name":"4:15","source":"radial","kind":"path","width_ft":20}},{"type":"Feature","id":10,"geometry":{"type":"LineString","coordinates":[[-119.20788409414574,40.768467134174564],[-119.20788409407469,40.76797308297122]]},"properties":{"OBJECTID":10,"name":"4:30","source":"radial","kind":"avenue","width_ft":40}},{"type":"Feature","id":11,"geometry":{"type":"LineString","coordinates":[[-119.21308387573471,40.768493431866496],[-119.21326136910882,40.767989687639826]]},"properties":{"OBJECTID":11,"name":"5:00","source":"radial","kind":"avenue","width_ft":40}},{"type":"Feature","id":12,"geometry":{"type":"LineString","coordinates":[[-119.21050640442802,40.76810373081897],[-119.21087683570292,40.76814341191342],[-119.21124665502093,40.76818844068977],[-119.21161578518506,40.76823880774859],[-119.21198414914213,40.76829450257614],[-119.21235166999891,40.76835551354654],[-119.21271827103817,40.7684218279242],[-119.21308387573471,40.768493431866496]]},"properties":{"OBJECTID":12,"name":"J","source":"annular","kind":"annular","width_ft":30}},{"type":"Feature","id":13,"geometry":{"type":"LineString","coordinates":[[-119.20268431256409,40.76849343363129],[-119.20304991723579,40.76842182949635],[-119.20341651825322,40.768355514926895],[-119.20378403909115,40.76829450376561],[-119.20415240303228,40.76823880874812],[-119.2045215331834,40.76818844150036],[-119.20489135249129,40.76814341253611],[-119.2052617837589,40.76810373125483]]},"properties":{"OBJECTID":13,"name":"J","source":"annular","kind":"annular","width_ft":30}},{"type":"Feature","id":14,"geometry":{"type":"LineString","coordinates":[[-119.20268431256409,40.76849343363129],[-119.2025068190452,40.7679896885336]]},"properties":{"OBJECTID":14,"name":"4:00","source":"radial","kind":"avenue","width_ft":40}},{"type":"Feature","id":15,"geometry":{"type":"LineString","coordinates":[[-119.205346582842,40.76859355198596],[-119.2057684314393,40.76855492244422],[-119.20619086362889,40.76852330716722],[-119.20661376278957,40.768498714883044],[-119.20703701217121,40.768481152380886],[-119.20746049492702,40.76847062450924],[-119.20788409414574,40.768467134174564]]},"properties":{"OBJECTID":15,"name":"I","source":"annular","kind":"annular","width_ft":30}},{"type":"Feature","id":16,"geometry":{"type":"LineString","coordinates":[[-119.205346582842,40.76859355198596],[-119.2052617837589,40.76810373125483]]},"properties":{"OBJECTID":16,"name":"4:15","source":"radial","kind":"path","width_ft":20}},{"type":"Feature","id":17,"geometry":{"type":"LineString","coordinates":[[-119.21042160430144,40.768593554265706],[-119.21050640442802,40.76810373081897]]},"properties":{"OBJECTID":17,"name":"4:45","source":"radial","kind":"path","width_ft":20}},{"type":"Feature","id":18,"geometry":{"type":"LineString","coordinates":[[-119.20788409414574,40.768467134174564],[-119.2083076931889,40.76847062490074],[-119.20873117576268,40.7684811531594],[-119.20915442495597,40.768498716043986],[-119.20957732392205,40.768523308705916],[-119.20999975591091,40.768554924355875],[-119.21042160430144,40.768593554265706]]},"properties":{"OBJECTID":18,"name":"I","source":"annular","kind":"annular","width_ft":30}},{"type":"Feature","id":19,"geometry":{"type":"LineString","coordinates":[[-119.21326136910882,40.767989687639826],[-119.21363304058531,40.76806809831376],[-119.21400350558,40.768152024519054],[-119.21437268224821,40.76824144771438],[-119.21474048902994,40.76833634814401],[-119.21510684466776,40.76843670484213],[-119.21547166822486,40.76854249563754],[-119.21583487910296,40.76865369715849]]},"properties":{"OBJECTID":19,"name":"K","source":"annular","kind":"annular","width_ft":50}},{"type":"Feature","id":20,"geometry":{"type":"LineString","coordinates":[[-119.19993330924183,40.76865369848006],[-119.20029652008967,40.768542496898256],[-119.20066134361755,40.76843670604189],[-119.20102769922713,40.7683363492827],[-119.20139550598161,40.76824144879193],[-119.20176468262358,40.768152025535386],[-119.20213514759298,40.76806809926883],[-119.2025068190452,40.7679896885336]]},"properties":{"OBJECTID":20,"name":"K","source":"annular","kind":"annular","width_ft":50}},{"type":"Feature","id":21,"geometry":{"type":"LineString","coordinates":[[-119.20285246080802,40.76897064837963],[-119.20326530212174,40.76889030955512],[-119.20367943891968,40.76881694069506],[-119.20409475353718,40.768750562645046],[-119.20451112797492,40.76869119426441],[-119.20492844393252,40.76863885242092],[-119.205346582842,40.76859355198596]]},"properties":{"OBJECTID":21,"name":"I","source":"annular","kind":"annular","width_ft":30}},{"type":"Feature","id":22,"geometry":{"type":"LineString","coordinates":[[-119.20285246080802,40.76897064837963],[-119.20268431256409,40.76849343363129]]},"properties":{"OBJECTID":22,"name":"4:00","source":"radial","kind":"avenue","width_ft":40}},{"type":"Feature","id":23,"geometry":{"type":"LineString","coordinates":[[-119.21291572525955,40.76897065204585],[-119.21308387573471,40.768493431866496]]},"properties":{"OBJECTID":23,"name":"5:00","source":"radial","kind":"avenue","width_ft":40}},{"type":"Feature","id":24,"geometry":{"type":"LineString","coordinates":[[-119.21042160430144,40.768593554265706],[-119.21083974304169,40.76863885493729],[-119.21125705882596,40.768691197015265],[-119.21167343308637,40.7687505656282],[-119.21208874752253,40.76881694390827],[-119.21250288413513,40.768890312996035],[-119.21291572525955,40.76897065204585]]},"properties":{"OBJECTID":24,"name":"I","source":"annular","kind":"annular","width_ft":30}},{"type":"Feature","id":25,"geometry":{"type":"LineString","coordinates":[[-119.21557243738128,40.769135522911064],[-119.21583487910296,40.76865369715849]]},"properties":{"OBJECTID":25,"name":"5:15","source":"radial","kind":"path","width_ft":20}},{"type":"Feature","id":26,"geometry":{"type":"LineString","coordinates":[[-119.21308387573471,40.768493431866496],[-119.21344327880661,40.76856925421579],[-119.2138015152197,40.768650410047876],[-119.21415850583054,40.76873688143339],[-119.21451417177093,40.768828649268634],[-119.21486843446533,40.76892569327979],[-119.21522121564819,40.76902799202738],[-119.21557243738128,40.769135522911064]]},"properties":{"OBJECTID":26,"name":"J","source":"annular","kind":"annular","width_ft":30}},{"type":"Feature","id":27,"geometry":{"type":"LineString","coordinates":[[-119.2001957511021,40.76913552418904],[-119.2005469728127,40.769027993378735],[-119.20089975397174,40.76892569470328],[-119.20125401664099,40.768828650763],[-119.20160968255495,40.768736882997345],[-119.2019666731381,40.76865041168011],[-119.20232490952228,40.76856925591498],[-119.20268431256409,40.76849343363129]]},"properties":{"OBJECTID":27,"name":"J","source":"annular","kind":"annular","width_ft":30}},{"type":"Feature","id":28,"geometry":{"type":"LineString","coordinates":[[-119.2001957511021,40.76913552418904],[-119.19993330924183,40.76865369848006]]},"properties":{"OBJECTID":28,"name":"3:45","source":"radial","kind":"path","width_ft":20}},{"type":"Feature","id":29,"geometry":{"type":"LineString","coordinates":[[-119.20788409425624,40.76923565678354],[-119.20788409414574,40.768467134174564]]},"properties":{"OBJECTID":29,"name":"4:30","source":"radial","kind":"avenue","width_ft":40}},{"type":"Feature","id":30,"geometry":{"type":"LineString","coordinates":[[-119.20547849631757,40.76935550194259],[-119.20587841498116,40.76931888069832],[-119.20627888689674,40.76928890908084],[-119.20667980150566,40.76926559536442],[-119.20708104812708,40.76924894598532],[-119.20748251598846,40.76923896553992],[-119.20788409425624,40.76923565678354]]},"properties":{"OBJECTID":30,"name":"H","source":"annular","kind":"annular","width_ft":30}},{"type":"Feature","id":31,"geometry":{"type":"LineString","coordinates":[[-119.20547849631757,40.76935550194259],[-119.205346582842,40.76859355198596]]},"properties":{"OBJECTID":31,"name":"4:15","source":"radial","kind":"path","width_ft":20}},{"type":"Feature","id":32,"geometry":{"type":"LineString","coordinates":[[-119.21028969104495,40.76935550334374],[-119.21042160430144,40.768593554265706]]},"properties":{"OBJECTID":32,"name":"4:45","source":"radial","kind":"path","width_ft":20}},{"type":"Feature","id":33,"geometry":{"type":"LineString","coordinates":[[-119.20788409425624,40.76923565678354],[-119.208285672342,40.769238965786506],[-119.20868714001736,40.76924894647334],[-119.20908838644884,40.769265596088694],[-119.20948930086405,40.76928891003608],[-119.20988977258226,40.76931888187921],[-119.21028969104495,40.76935550334374]]},"properties":{"OBJECTID":33,"name":"H","source":"annular","kind":"annular","width_ft":30}},{"type":"Feature","id":34,"geometry":{"type":"LineString","coordinates":[[-119.21583487910296,40.76865369715849],[-119.21618896043832,40.76876795414379],[-119.2165412290404,40.76888768334961],[-119.21689160034333,40.76901285603366],[-119.21723999023666,40.76914344214688],[-119.21758631508564,40.76927941034066],[-119.21793049175125,40.76942072797436],[-119.21827243761015,40.769567361123144]]},"properties":{"OBJECTID":34,"name":"K","source":"annular","kind":"annular","width_ft":50}},{"type":"Feature","id":35,"geometry":{"type":"LineString","coordinates":[[-119.19749575099716,40.76956736284997],[-119.19783769681536,40.76942072964374],[-119.19818187344133,40.769279411952425],[-119.19852819825175,40.76914344370086],[-119.1988765881076,40.76901285752972],[-119.19922695937409,40.76888768478761],[-119.19957922794079,40.768767955523614],[-119.19993330924183,40.76865369848006]]},"properties":{"OBJECTID":35,"name":"K","source":"annular","kind":"annular","width_ft":50}},{"type":"Feature","id":36,"geometry":{"type":"LineString","coordinates":[[-119.20044437706062,40.769591978592764],[-119.20078424055528,40.76948792457633],[-119.20112561308109,40.76938893350627],[-119.20146841921989,40.769295027252305],[-119.20181258323679,40.7692062265608],[-119.20215802909688,40.76912255105017],[-119.2025046804821,40.769044019206525],[-119.20285246080802,40.76897064837963]]},"properties":{"OBJECTID":36,"name":"I","source":"annular","kind":"annular","width_ft":30}},{"type":"Feature","id":37,"geometry":{"type":"LineString","coordinates":[[-119.20044437706062,40.769591978592764],[-119.2001957511021,40.76913552418904]]},"properties":{"OBJECTID":37,"name":"3:45","source":"radial","kind":"path","width_ft":20}},{"type":"Feature","id":38,"geometry":{"type":"LineString","coordinates":[[-119.21532381036988,40.769591980057655],[-119.21557243738128,40.769135522911064]]},"properties":{"OBJECTID":38,"name":"5:15","source":"radial","kind":"path","width_ft":20}},{"type":"Feature","id":39,"geometry":{"type":"LineString","coordinates":[[-119.21291572525955,40.76897065204585],[-119.21326350576625,40.76904402254883],[-119.21361015733699,40.76912255407159],[-119.21395560338726,40.76920622926445],[-119.21429976759896,40.76929502964134],[-119.21464257393714,40.76938893558393],[-119.21498394666686,40.769487926345924],[-119.21532381036988,40.769591980057655]]},"properties":{"OBJECTID":39,"name":"I","source":"annular","kind":"annular","width_ft":30}},{"type":"Feature","id":40,"geometry":{"type":"LineString","coordinates":[[-119.21265415280924,40.769712995582594],[-119.21291572525955,40.76897065204585]]},"properties":{"OBJECTID":40,"name":"5:00","source":"radial","kind":"avenue","width_ft":40}},{"type":"Feature","id":41,"geometry":{"type":"LineString","coordinates":[[-119.21028969104495,40.76935550334374],[-119.21068609244386,40.769398448710795],[-119.21108171367345,40.769448069435406],[-119.2114764423295,40.76950435141929],[-119.21187016626138,40.76956727867158],[-119.21226277360392,40.76963683331332],[-119.21265415280924,40.769712995582594]]},"properties":{"OBJECTID":41,"name":"H","source":"annular","kind":"annular","width_ft":30}},{"type":"Feature","id":42,"geometry":{"type":"LineString","coordinates":[[-119.20311403465581,40.76971299817645],[-119.20350541381393,40.76963683523057],[-119.20389802112152,40.769567279916245],[-119.20429174503055,40.769504351995614],[-119.20468647367568,40.76944806934783],[-119.20508209490615,40.769398447963994],[-119.20547849631757,40.76935550194259]]},"properties":{"OBJECTID":42,"name":"H","source":"annular","kind":"annular","width_ft":30}},{"type":"Feature","id":43,"geometry":{"type":"LineString","coordinates":[[-119.20311403465581,40.76971299817645],[-119.20285246080802,40.76897064837963]]},"properties":{"OBJECTID":43,"name":"4:00","source":"radial","kind":"avenue","width_ft":40}},{"type":"Feature","id":44,"geometry":{"type":"LineString","coordinates":[[-119.20788409436675,40.770004178389364],[-119.20788409425624,40.76923565678354]]},"properties":{"OBJECTID":44,"name":"4:30","source":"radial","kind":"avenue","width_ft":40}},{"type":"Feature","id":45,"geometry":{"type":"LineString","coordinates":[[-119.21792953456179,40.77001902453653],[-119.21827243761015,40.769567361123144]]},"properties":{"OBJECTID":45,"name":"5:30","source":"radial","kind":"avenue","width_ft":40}},{"type":"Feature","id":46,"geometry":{"type":"LineString","coordinates":[[-119.21557243738128,40.769135522911064],[-119.21591483085012,40.76924600787302],[-119.21625547142376,40.769361784442],[-119.21659427732715,40.769482824824365],[-119.21693116722567,40.76960909996287],[-119.21726606024467,40.76974057954359],[-119.21759887598891,40.76987723200318],[-119.21792953456179,40.77001902453653]]},"properties":{"OBJECTID":46,"name":"J","source":"annular","kind":"annular","width_ft":30}},{"type":"Feature","id":47,"geometry":{"type":"LineString","coordinates":[[-119.19783865417543,40.77001902620638],[-119.19816931270894,40.76987723361749],[-119.19850212841486,40.76974058110218],[-119.1988370213966,40.76960910146558],[-119.19917391125885,40.76948282627105],[-119.199512717127,40.769361785832544],[-119.19985335766644,40.76924600920732],[-119.2001957511021,40.76913552418904]]},"properties":{"OBJECTID":47,"name":"J","source":"annular","kind":"annular","width_ft":30}},{"type":"Feature","id":48,"geometry":{"type":"LineString","coordinates":[[-119.19783865417543,40.77001902620638],[-119.19749575099716,40.76956736284997]]},"properties":{"OBJECTID":48,"name":"3:30","source":"radial","kind":"avenue","width_ft":40}},{"type":"Feature","id":49,"geometry":{"type":"LineString","coordinates":[[-119.21015777477535,40.770117453070654],[-119.21028969104495,40.76935550334374]]},"properties":{"OBJECTID":49,"name":"4:45","source":"radial","kind":"path","width_ft":20}},{"type":"Feature","id":50,"geometry":{"type":"LineString","coordinates":[[-119.20788409436675,40.770004178389364],[-119.20826365100461,40.770007305964505],[-119.2086431032862,40.770016739367016],[-119.20902234645581,40.77003247599261],[-119.2094012758155,40.77005451149686],[-119.20977978675394,40.770082839796416],[-119.21015777477535,40.770117453070654]]},"properties":{"OBJECTID":50,"name":"G","source":"annular","kind":"annular","width_ft":30}},{"type":"Feature","id":51,"geometry":{"type":"LineString","coordinates":[[-119.20561041399063,40.770117455249604],[-119.20598840199129,40.770082841609295],[-119.20636691291519,40.7700545129447],[-119.20674584226647,40.77003247707653],[-119.20712508543377,40.77001674008826],[-119.2075045377191,40.77000730632441],[-119.20788409436675,40.770004178389364]]},"properties":{"OBJECTID":51,"name":"G","source":"annular","kind":"annular","width_ft":30}},{"type":"Feature","id":52,"geometry":{"type":"LineString","coordinates":[[-119.20561041399063,40.770117455249604],[-119.20547849631757,40.76935550194259]]},"properties":{"OBJECTID":52,"name":"4:15","source":"radial","kind":"path","width_ft":20}},{"type":"Feature","id":53,"geometry":{"type":"LineString","coordinates":[[-119.21493704824145,40.770302025873384],[-119.21532381036988,40.769591980057655]]},"properties":{"OBJECTID":53,"name":"5:15","source":"radial","kind":"path","width_ft":20}},{"type":"Feature","id":54,"geometry":{"type":"LineString","coordinates":[[-119.21265415280924,40.769712995582594],[-119.21303870118287,40.76979462106212],[-119.21342177633497,40.7698829024215],[-119.21380326307262,40.769977813114046],[-119.21418304668059,40.77007932459955],[-119.21456101295574,40.77018740635293],[-119.21493704824145,40.770302025873384]]},"properties":{"OBJECTID":54,"name":"H","source":"annular","kind":"annular","width_ft":30}},{"type":"Feature","id":55,"geometry":{"type":"LineString","coordinates":[[-119.20083114057744,40.77030202704581],[-119.20120717565203,40.770187407786544],[-119.2015851417099,40.770079326284815],[-119.20196492509467,40.76997781504128],[-119.20234641160351,40.76988290458091],[-119.20272948652143,40.76979462344377],[-119.20311403465581,40.76971299817645]]},"properties":{"OBJECTID":55,"name":"H","source":"annular","kind":"annular","width_ft":30}},{"type":"Feature","id":56,"geometry":{"type":"LineString","coordinates":[[-119.20083114057744,40.77030202704581],[-119.20044437706062,40.769591978592764]]},"properties":{"OBJECTID":56,"name":"3:45","source":"radial","kind":"path","width_ft":20}},{"type":"Feature","id":57,"geometry":{"type":"LineString","coordinates":[[-119.21760467700302,40.770446912185804],[-119.21792953456179,40.77001902453653]]},"properties":{"OBJECTID":57,"name":"5:30","source":"radial","kind":"avenue","width_ft":40}},{"type":"Feature","id":58,"geometry":{"type":"LineString","coordinates":[[-119.21532381036988,40.769591980057655],[-119.21565513058687,40.769698892305065],[-119.21598475458421,40.76981092504669],[-119.2163126032309,40.76992805138743],[-119.21663859782207,40.77005024320941],[-119.21696266009796,40.77017747117869],[-119.21728471226272,40.77030970475236],[-119.21760467700302,40.770446912185804]]},"properties":{"OBJECTID":58,"name":"I","source":"annular","kind":"annular","width_ft":30}},{"type":"Feature","id":59,"geometry":{"type":"LineString","coordinates":[[-119.19816351185733,40.77044691380167],[-119.19848347636865,40.77030970592704],[-119.19880552831276,40.7701774719123],[-119.19912959037629,40.7700502435022],[-119.19945558476333,40.76992805123981],[-119.19978343321402,40.76981092445922],[-119.2001130570235,40.76969889127846],[-119.20044437706062,40.769591978592764]]},"properties":{"OBJECTID":59,"name":"I","source":"annular","kind":"annular","width_ft":30}},{"type":"Feature","id":60,"geometry":{"type":"LineString","coordinates":[[-119.19816351185733,40.77044691380167],[-119.19783865417543,40.77001902620638]]},"properties":{"OBJECTID":60,"name":"3:30","source":"radial","kind":"avenue","width_ft":40}},{"type":"Feature","id":61,"geometry":{"type":"LineString","coordinates":[[-119.20337561314085,40.77045534188185],[-119.20374553013949,40.770383356408175],[-119.20411660792477,40.770317616225825],[-119.20448874106548,40.77025814001301],[-119.20486182383056,40.77020494466821],[-119.20523575021912,40.770158045305365],[-119.20561041399063,40.770117455249604]]},"properties":{"OBJECTID":61,"name":"G","source":"annular","kind":"annular","width_ft":30}},{"type":"Feature","id":62,"geometry":{"type":"LineString","coordinates":[[-119.20337561314085,40.77045534188185],[-119.20311403465581,40.76971299817645]]},"properties":{"OBJECTID":62,"name":"4:00","source":"radial","kind":"avenue","width_ft":40}},{"type":"Feature","id":63,"geometry":{"type":"LineString","coordinates":[[-119.21239257335361,40.770455344734486],[-119.21265415280924,40.769712995582594]]},"properties":{"OBJECTID":63,"name":"5:00","source":"radial","kind":"avenue","width_ft":40}},{"type":"Feature","id":64,"geometry":{"type":"LineString","coordinates":[[-119.21015777477535,40.770117453070654],[-119.2105324382041,40.77015804397815],[-119.2109063642355,40.770204944187796],[-119.21127944662902,40.770258140374224],[-119.2116515793839,40.77031761742325],[-119.21202265676914,40.770383358436156],[-119.21239257335361,40.770455344734486]]},"properties":{"OBJECTID":64,"name":"G","source":"annular","kind":"annular","width_ft":30}},{"type":"Feature","id":65,"geometry":{"type":"LineString","coordinates":[[-119.21827243761015,40.769567361123144],[-119.21860310750986,40.76971537680105],[-119.21893131432411,40.769868776639946],[-119.21925697039188,40.770027519668155],[-119.2195799887335,40.77019156348689],[-119.21990028307377,40.77036086428157],[-119.22021776786504,40.77053537683354],[-119.2205323583101,40.77071505453212]]},"properties":{"OBJECTID":65,"name":"K","source":"annular","kind":"annular","width_ft":50}},{"type":"Feature","id":66,"geometry":{"type":"LineString","coordinates":[[-119.19523583181152,40.77071505663483],[-119.1955504220389,40.77053537889531],[-119.19586790661282,40.77036086629815],[-119.19618820073612,40.77019156545402],[-119.19651121886125,40.77002752158158],[-119.19683687471309,40.76986877849542],[-119.19716508131204,40.76971537859433],[-119.19749575099716,40.76956736284997]]},"properties":{"OBJECTID":66,"name":"K","source":"annular","kind":"annular","width_ft":50}},{"type":"Feature","id":67,"geometry":{"type":"LineString","coordinates":[[-119.20788409447725,40.77077270169347],[-119.20788409436675,40.770004178389364]]},"properties":{"OBJECTID":67,"name":"4:30","source":"radial","kind":"avenue","width_ft":40}},{"type":"Feature","id":68,"geometry":{"type":"LineString","coordinates":[[-119.21002585549235,40.770879400744896],[-119.21015777477535,40.770117453070654]]},"properties":{"OBJECTID":68,"name":"4:45","source":"radial","kind":"path","width_ft":20}},{"type":"Feature","id":69,"geometry":{"type":"LineString","coordinates":[[-119.20788409447725,40.77077270169347],[-119.20824162913917,40.770775647239994],[-119.208599065509,40.770784532747406],[-119.20895630490904,40.77079935576266],[-119.20931324871596,40.77082011219357],[-119.20966979838802,40.77084679630988],[-119.21002585549235,40.770879400744896]]},"properties":{"OBJECTID":69,"name":"F","source":"annular","kind":"annular","width_ft":30}},{"type":"Feature","id":70,"geometry":{"type":"LineString","coordinates":[[-119.20574233349281,40.77087940110094],[-119.20609839058953,40.77084679660652],[-119.20645494025501,40.770820112430805],[-119.20681188405632,40.77079935594052],[-119.20716912345175,40.77078453286592],[-119.20752655981796,40.77077564729922],[-119.20788409447725,40.77077270169347]]},"properties":{"OBJECTID":70,"name":"F","source":"annular","kind":"annular","width_ft":30}},{"type":"Feature","id":71,"geometry":{"type":"LineString","coordinates":[[-119.20574233349281,40.77087940110094],[-119.20561041399063,40.770117455249604]]},"properties":{"OBJECTID":71,"name":"4:15","source":"radial","kind":"path","width_ft":20}},{"type":"Feature","id":72,"geometry":{"type":"LineString","coordinates":[[-119.21455027787984,40.77101206940545],[-119.21493704824145,40.770302025873384]]},"properties":{"OBJECTID":72,"name":"5:15","source":"radial","kind":"path","width_ft":20}},{"type":"Feature","id":73,"geometry":{"type":"LineString","coordinates":[[-119.21239257335361,40.770455344734486],[-119.21275603359281,40.77053249328123],[-119.21311810140877,40.77061593272268],[-119.2134786679251,40.77070563796799],[-119.21383762471689,40.77080158204217],[-119.21419486384325,40.77090373609414],[-119.21455027787984,40.77101206940545]]},"properties":{"OBJECTID":73,"name":"G","source":"annular","kind":"annular","width_ft":30}},{"type":"Feature","id":74,"geometry":{"type":"LineString","coordinates":[[-119.20121791232758,40.77101207231469],[-119.20157332570199,40.77090373806323],[-119.2019305641834,40.77080158306263],[-119.20228952034755,40.77070563803164],[-119.20265008625364,40.770615931821666],[-119.20301215347685,40.77053249140802],[-119.20337561314085,40.77045534188185]]},"properties":{"OBJECTID":74,"name":"G","source":"annular","kind":"annular","width_ft":30}},{"type":"Feature","id":75,"geometry":{"type":"LineString","coordinates":[[-119.20121791232758,40.77101207231469],[-119.20083114057744,40.77030202704581]]},"properties":{"OBJECTID":75,"name":"3:45","source":"radial","kind":"path","width_ft":20}},{"type":"Feature","id":76,"geometry":{"type":"LineString","coordinates":[[-119.19866885194392,40.771112512646326],[-119.1990229317047,40.77096121686263],[-119.19937968838795,40.770816346023175],[-119.1997390054212,40.7706779474654],[-119.20010076539533,40.770546066411896],[-119.20046485010306,40.77042074595562],[-119.20083114057744,40.77030202704581]]},"properties":{"OBJECTID":76,"name":"H","source":"annular","kind":"annular","width_ft":30}},{"type":"Feature","id":77,"geometry":{"type":"LineString","coordinates":[[-119.19866885194392,40.771112512646326],[-119.19816351185733,40.77044691380167]]},"properties":{"OBJECTID":77,"name":"3:30","source":"radial","kind":"avenue","width_ft":40}},{"type":"Feature","id":78,"geometry":{"type":"LineString","coordinates":[[-119.21709933592354,40.77111251201498],[-119.21760467700302,40.770446912185804]]},"properties":{"OBJECTID":78,"name":"5:30","source":"radial","kind":"avenue","width_ft":40}},{"type":"Feature","id":79,"geometry":{"type":"LineString","coordinates":[[-119.21493704824145,40.770302025873384],[-119.21530333856141,40.770420744880504],[-119.215667423113,40.770546065431276],[-119.21602918292932,40.77067794657643],[-119.21638849980309,40.77081634522299],[-119.21674525632531,40.77096121614833],[-119.21709933592354,40.77111251201498]]},"properties":{"OBJECTID":79,"name":"H","source":"annular","kind":"annular","width_ft":30}},{"type":"Feature","id":80,"geometry":{"type":"LineString","coordinates":[[-119.2201148487313,40.77112883678633],[-119.2205323583101,40.77071505453212]]},"properties":{"OBJECTID":80,"name":"5:45","source":"radial","kind":"avenue","width_ft":40}},{"type":"Feature","id":81,"geometry":{"type":"LineString","coordinates":[[-119.21792953456179,40.77001902453653],[-119.21824928819667,40.77016215474858],[-119.2185666600262,40.77031049141452],[-119.21888156528203,40.7704639949144],[-119.21919391985469,40.77062262424828],[-119.21950364031595,40.77078633704711],[-119.21981064394116,40.77095508958409],[-119.2201148487313,40.77112883678633]]},"properties":{"OBJECTID":81,"name":"J","source":"annular","kind":"annular","width_ft":30}},{"type":"Feature","id":82,"geometry":{"type":"LineString","coordinates":[[-119.19565334150936,40.77112883881966],[-119.19595754608349,40.77095509157823],[-119.19626454949297,40.770786338997816],[-119.19657426973886,40.7706226261513],[-119.19688662409658,40.7704639967655],[-119.197201529138,40.77031049320944],[-119.19751890075368,40.77016215648309],[-119.19783865417543,40.77001902620638]]},"properties":{"OBJECTID":82,"name":"J","source":"annular","kind":"annular","width_ft":30}},{"type":"Feature","id":83,"geometry":{"type":"LineString","coordinates":[[-119.19565334150936,40.77112883881966],[-119.19523583181152,40.77071505663483]]},"properties":{"OBJECTID":83,"name":"3:15","source":"radial","kind":"path","width_ft":40}},{"type":"Feature","id":84,"geometry":{"type":"LineString","coordinates":[[-119.21213098926066,40.77119768959595],[-119.21239257335361,40.770455344734486]]},"properties":{"OBJECTID":84,"name":"5:00","source":"radial","kind":"avenue","width_ft":40}},{"type":"Feature","id":85,"geometry":{"type":"LineString","coordinates":[[-119.21002585549235,40.770879400744896],[-119.21037878066436,40.770917636834085],[-119.21073101121718,40.77096181616419],[-119.21108244707418,40.77101192618286],[-119.21143298838447,40.771067952652714],[-119.21178253555138,40.77112987965536],[-119.21213098926066,40.77119768959595]]},"properties":{"OBJECTID":85,"name":"F","source":"annular","kind":"annular","width_ft":30}},{"type":"Feature","id":86,"geometry":{"type":"LineString","coordinates":[[-119.20363719981594,40.77119769120246],[-119.20398565350045,40.771129881049895],[-119.20433520064648,40.77106795383661],[-119.20468574193971,40.77101192715752],[-119.20503717778342,40.77096181693108],[-119.2053894083267,40.77091763739475],[-119.20574233349281,40.77087940110094]]},"properties":{"OBJECTID":86,"name":"F","source":"annular","kind":"annular","width_ft":30}},{"type":"Feature","id":87,"geometry":{"type":"LineString","coordinates":[[-119.20363719981594,40.77119769120246],[-119.20337561314085,40.77045534188185]]},"properties":{"OBJECTID":87,"name":"4:00","source":"radial","kind":"avenue","width_ft":40}},{"type":"Feature","id":88,"geometry":{"type":"LineString","coordinates":[[-119.2197193188475,40.77152083036403],[-119.2201148487313,40.77112883678633]]},"properties":{"OBJECTID":88,"name":"5:45","source":"radial","kind":"avenue","width_ft":40}},{"type":"Feature","id":89,"geometry":{"type":"LineString","coordinates":[[-119.21760467700302,40.770446912185804],[-119.21791408992901,40.770585413090025],[-119.2182211980725,40.77072895210021],[-119.21852591940568,40.770877490877446],[-119.21882817253827,40.771030989747416],[-119.21912787673921,40.771189407710956],[-119.2194249519583,40.77135270245503],[-119.2197193188475,40.77152083036403]]},"properties":{"OBJECTID":89,"name":"I","source":"annular","kind":"annular","width_ft":30}},{"type":"Feature","id":90,"geometry":{"type":"LineString","coordinates":[[-119.19604887387476,40.77152083323239],[-119.19634324020541,40.77135270517451],[-119.19664031486793,40.7711894102715],[-119.19694001851448,40.771030992138975],[-119.19724227109502,40.77087749309002],[-119.19754699187865,40.77072895412381],[-119.19785409947531,40.77058541491472],[-119.19816351185733,40.77044691380167]]},"properties":{"OBJECTID":90,"name":"I","source":"annular","kind":"annular","width_ft":30}},{"type":"Feature","id":91,"geometry":{"type":"LineString","coordinates":[[-119.19604887387476,40.77152083323239],[-119.19565334150936,40.77112883881966]]},"properties":{"OBJECTID":91,"name":"3:15","source":"radial","kind":"path","width_ft":40}},{"type":"Feature","id":92,"geometry":{"type":"LineString","coordinates":[[-119.21416350046911,40.771722110653705],[-119.21455027787984,40.77101206940545]]},"properties":{"OBJECTID":92,"name":"5:15","source":"radial","kind":"path","width_ft":20}},{"type":"Feature","id":93,"geometry":{"type":"LineString","coordinates":[[-119.21213098926066,40.77119768959595],[-119.21247336097954,40.77127036155568],[-119.212814421067,40.771348959420585],[-119.2131540669632,40.77143345955558],[-119.2134921965336,40.77152383655072],[-119.21382870809957,40.77162006322884],[-119.21416350046911,40.771722110653705]]},"properties":{"OBJECTID":93,"name":"F","source":"annular","kind":"annular","width_ft":30}},{"type":"Feature","id":94,"geometry":{"type":"LineString","coordinates":[[-119.20160468875825,40.77172211169761],[-119.2019394811075,40.77162006437026],[-119.20227599265121,40.77152383778821],[-119.20261412219736,40.77143346088764],[-119.20295376806743,40.7713489608457],[-119.20329482812687,40.77127036307229],[-119.20363719981594,40.77119769120246]]},"properties":{"OBJECTID":94,"name":"F","source":"annular","kind":"annular","width_ft":30}},{"type":"Feature","id":95,"geometry":{"type":"LineString","coordinates":[[-119.20160468875825,40.77172211169761],[-119.20121791232758,40.77101207231469]]},"properties":{"OBJECTID":95,"name":"3:45","source":"radial","kind":"path","width_ft":20}},{"type":"Feature","id":96,"geometry":{"type":"LineString","coordinates":[[-119.19917420685236,40.77177811370506],[-119.19950886827519,40.7716351144342],[-119.1998460598447,40.7714981877938],[-119.20018567137996,40.77136737852611],[-119.20052759190929,40.771242729374435],[-119.20087170970655,40.77112428106921],[-119.20121791232758,40.77101207231469]]},"properties":{"OBJECTID":96,"name":"G","source":"annular","kind":"annular","width_ft":30}},{"type":"Feature","id":97,"geometry":{"type":"LineString","coordinates":[[-119.19917420685236,40.77177811370506],[-119.19866885194392,40.771112512646326]]},"properties":{"OBJECTID":97,"name":"3:30","source":"radial","kind":"avenue","width_ft":40}},{"type":"Feature","id":98,"geometry":{"type":"LineString","coordinates":[[-119.21659398239107,40.77177811315761],[-119.21709933592354,40.77111251201498]]},"properties":{"OBJECTID":98,"name":"5:30","source":"radial","kind":"avenue","width_ft":40}},{"type":"Feature","id":99,"geometry":{"type":"LineString","coordinates":[[-119.21455027787984,40.77101206940545],[-119.21489648036165,40.77112427855041],[-119.21524059801122,40.77124272724758],[-119.21558251838435,40.77136737679255],[-119.21592212975476,40.7714981864547],[-119.21625932115067,40.771635113490525],[-119.21659398239107,40.77177811315761]]},"properties":{"OBJECTID":99,"name":"G","source":"annular","kind":"annular","width_ft":30}},{"type":"Feature","id":100,"geometry":{"type":"LineString","coordinates":[[-119.2205323583101,40.77071505453212],[-119.22083424665058,40.77089424420294],[-119.22113297022592,40.771078661484644],[-119.22142843852224,40.77126825049838],[-119.22172056201198,40.77146295379828],[-119.22200925218112,40.77166271238881],[-119.22229442155593,40.77186746574271],[-119.22257598372944,40.77207715181925]]},"properties":{"OBJECTID":100,"name":"K","source":"annular","kind":"annular","width_ft":50}},{"type":"Feature","id":101,"geometry":{"type":"LineString","coordinates":[[-119.19319220559919,40.7720771542617],[-119.19347376788004,40.77186746812603],[-119.1937589373643,40.771662714716456],[-119.19404762764493,40.771462956073734],[-119.19433975124815,40.7712682527252],[-119.19463521965979,40.77107866366643],[-119.19493394335224,40.77089424634334],[-119.19523583181152,40.77071505663483]]},"properties":{"OBJECTID":101,"name":"K","source":"annular","kind":"annular","width_ft":50}},{"type":"Feature","id":102,"geometry":{"type":"LineString","coordinates":[[-119.2078840946687,40.772103889341],[-119.20788409447725,40.77077270169347]]},"properties":{"OBJECTID":102,"name":"4:30","source":"radial","kind":"avenue","width_ft":40}},{"type":"Feature","id":103,"geometry":{"type":"LineString","coordinates":[[-119.21910403300379,40.77213060200966],[-119.2197193188475,40.77152083036403]]},"properties":{"OBJECTID":103,"name":"5:45","source":"radial","kind":"avenue","width_ft":40}},{"type":"Feature","id":104,"geometry":{"type":"LineString","coordinates":[[-119.21709933592354,40.77111251201498],[-119.21744133927251,40.771266161620545],[-119.21778035093573,40.77142630400782],[-119.2181162476642,40.77159288095642],[-119.21844890734137,40.771765831906656],[-119.21877820902753,40.77194509398154],[-119.21910403300379,40.77213060200966]]},"properties":{"OBJECTID":104,"name":"H","source":"annular","kind":"annular","width_ft":30}},{"type":"Feature","id":105,"geometry":{"type":"LineString","coordinates":[[-119.19666415870964,40.772130603875155],[-119.19698998203835,40.77194509567732],[-119.19731928307915,40.771765833418286],[-119.19765194211348,40.7715928822695],[-119.19798783820195,40.77142630510798],[-119.19832684922832,40.77126616249345],[-119.19866885194392,40.771112512646326]]},"properties":{"OBJECTID":105,"name":"H","source":"annular","kind":"annular","width_ft":30}},{"type":"Feature","id":106,"geometry":{"type":"LineString","coordinates":[[-119.19666415870964,40.772130603875155],[-119.19604887387476,40.77152083323239]]},"properties":{"OBJECTID":106,"name":"3:15","source":"radial","kind":"path","width_ft":40}},{"type":"Feature","id":107,"geometry":{"type":"LineString","coordinates":[[-119.21608862232648,40.772443707508494],[-119.21659398239107,40.77177811315761]]},"properties":{"OBJECTID":107,"name":"5:30","source":"radial","kind":"avenue","width_ft":40}},{"type":"Feature","id":108,"geometry":{"type":"LineString","coordinates":[[-119.21416350046911,40.771722110653705],[-119.21448961515543,40.771827809208986],[-119.21481376596259,40.77193938531501],[-119.21513584696937,40.77205680251257],[-119.21545575293091,40.77218002243384],[-119.21577337931303,40.772309004814794],[-119.21608862232648,40.772443707508494]]},"properties":{"OBJECTID":108,"name":"F","source":"annular","kind":"annular","width_ft":30}},{"type":"Feature","id":109,"geometry":{"type":"LineString","coordinates":[[-119.19967957066147,40.77244371157422],[-119.19999481302379,40.77230900840065],[-119.20031243876434,40.772180025530055],[-119.200632344094,40.77205680510959],[-119.20095442447877,40.77193938740344],[-119.20127857467388,40.771827810779655],[-119.20160468875825,40.77172211169761]]},"properties":{"OBJECTID":109,"name":"F","source":"annular","kind":"annular","width_ft":30}},{"type":"Feature","id":110,"geometry":{"type":"LineString","coordinates":[[-119.19967957066147,40.77244371157422],[-119.19917420685236,40.77177811370506]]},"properties":{"OBJECTID":110,"name":"3:30","source":"radial","kind":"avenue","width_ft":40}},{"type":"Feature","id":111,"geometry":{"type":"LineString","coordinates":[[-119.22257598372944,40.77207715181925],[-119.22209100434533,40.772445973361876]]},"properties":{"OBJECTID":111,"name":"6:00","source":"radial","kind":"avenue","width_ft":40}},{"type":"Feature","id":112,"geometry":{"type":"LineString","coordinates":[[-119.2201148487313,40.77112883678633],[-119.2204067704533,40.77130211163936],[-119.22069563184587,40.771480441564904],[-119.22098134538174,40.77166377252761],[-119.22126382448745,40.771852048976754],[-119.22154298356962,40.77204521386308],[-119.22181873804084,40.772243208656114],[-119.22209100434533,40.772445973361876]]},"properties":{"OBJECTID":112,"name":"J","source":"annular","kind":"annular","width_ft":30}},{"type":"Feature","id":113,"geometry":{"type":"LineString","coordinates":[[-119.19367718390494,40.7724459757236],[-119.19394945048612,40.77224321094907],[-119.19422520523685,40.77204521609443],[-119.1945043646012,40.771852051153736],[-119.1947868439916,40.77166377465755],[-119.19507255781447,40.771480443655165],[-119.19536141949621,40.771302113697395],[-119.19565334150936,40.77112883881966]]},"properties":{"OBJECTID":113,"name":"J","source":"annular","kind":"annular","width_ft":30}},{"type":"Feature","id":114,"geometry":{"type":"LineString","coordinates":[[-119.19367718390494,40.7724459757236],[-119.19319220559919,40.7720771542617]]},"properties":{"OBJECTID":114,"name":"3:00","source":"radial","kind":"avenue","width_ft":40}},{"type":"Feature","id":115,"geometry":{"type":"LineString","coordinates":[[-119.21167787340885,40.77248353571826],[-119.21213098926066,40.77119768959595]]},"properties":{"OBJECTID":115,"name":"5:00","source":"radial","kind":"avenue","width_ft":40}},{"type":"Feature","id":116,"geometry":{"type":"LineString","coordinates":[[-119.2078840946687,40.772103889341],[-119.20823127025143,40.77210686675382],[-119.20857833384771,40.77211617322316],[-119.2089251700876,40.77213180565539],[-119.20927166367673,40.77215375885402],[-119.20961769943463,40.77218202552142],[-119.20996316233305,40.772216596261266],[-119.21030793753414,40.772257459581645],[-119.21065191042865,40.77230460189889],[-119.21099496667405,40.77235800754206],[-119.21133699223252,40.772417658758215],[-119.21167787340885,40.77248353571826]]},"properties":{"OBJECTID":116,"name":"E","source":"annular","kind":"annular","width_ft":40}},{"type":"Feature","id":117,"geometry":{"type":"LineString","coordinates":[[-119.2040903160376,40.77248353724948],[-119.2044311971907,40.772417660147404],[-119.20477322272869,40.772358008789624],[-119.20511627895633,40.77230460300528],[-119.20546025183576,40.77225746054741],[-119.20580502702443,40.77221659708696],[-119.20615048991306,40.77218202620766],[-119.2064965256638,40.772153759401476],[-119.20684301924834,40.77213180606479],[-119.20718985548619,40.77211617349526],[-119.20753691908297,40.77210686688944],[-119.2078840946687,40.772103889341]]},"properties":{"OBJECTID":117,"name":"E","source":"annular","kind":"annular","width_ft":40}},{"type":"Feature","id":118,"geometry":{"type":"LineString","coordinates":[[-119.2040903160376,40.77248353724948],[-119.20363719981594,40.77119769120246]]},"properties":{"OBJECTID":118,"name":"4:00","source":"radial","kind":"avenue","width_ft":40}},{"type":"Feature","id":119,"geometry":{"type":"LineString","coordinates":[[-119.19727945360955,40.77274037027366],[-119.19758740829963,40.77256503565559],[-119.19789865000719,40.772395604492864],[-119.19821306557718,40.7722321383839],[-119.19853054070063,40.77207469675846],[-119.19885095995625,40.77192333685604],[-119.19917420685236,40.77177811370506]]},"properties":{"OBJECTID":119,"name":"G","source":"annular","kind":"annular","width_ft":30}},{"type":"Feature","id":120,"geometry":{"type":"LineString","coordinates":[[-119.19727945360955,40.77274037027366],[-119.19666415870964,40.772130603875155]]},"properties":{"OBJECTID":120,"name":"3:15","source":"radial","kind":"path","width_ft":40}},{"type":"Feature","id":121,"geometry":{"type":"LineString","coordinates":[[-119.2184887347264,40.77274037211276],[-119.21910403300379,40.77213060200966]]},"properties":{"OBJECTID":121,"name":"5:45","source":"radial","kind":"avenue","width_ft":40}},{"type":"Feature","id":122,"geometry":{"type":"LineString","coordinates":[[-119.21659398239107,40.77177811315761],[-119.21691722916347,40.771923336695544],[-119.21723764828464,40.772074696989606],[-119.2175551232627,40.77223213901111],[-119.21786953867615,40.77239560552027],[-119.21818078021582,40.77256503708706],[-119.2184887347264,40.77274037211276]]},"properties":{"OBJECTID":122,"name":"G","source":"annular","kind":"annular","width_ft":30}},{"type":"Feature","id":123,"geometry":{"type":"LineString","coordinates":[[-119.22209100434533,40.772445973361876],[-119.22163156182496,40.77279536873436]]},"properties":{"OBJECTID":123,"name":"6:00","source":"radial","kind":"avenue","width_ft":40}},{"type":"Feature","id":124,"geometry":{"type":"LineString","coordinates":[[-119.2197193188475,40.77152083036403],[-119.22000179933399,40.77168850114533],[-119.22028131844695,40.77186106354459],[-119.22055779148867,40.772038465273305],[-119.22083113468445,40.77222065257658],[-119.22110126520793,40.77240757024944],[-119.2213681012063,40.772599161653545],[-119.22163156182496,40.77279536873436]]},"properties":{"OBJECTID":124,"name":"I","source":"annular","kind":"annular","width_ft":30}},{"type":"Feature","id":125,"geometry":{"type":"LineString","coordinates":[[-119.19413663126316,40.772795374622305],[-119.19440009178906,40.77259916708778],[-119.19466692770861,40.77240757523685],[-119.19493705816699,40.772220657124386],[-119.19521040131106,40.772038469389074],[-119.19548687431421,40.77186106723623],[-119.19576639340146,40.77168850442106],[-119.19604887387476,40.77152083323239]]},"properties":{"OBJECTID":125,"name":"I","source":"annular","kind":"annular","width_ft":30}},{"type":"Feature","id":126,"geometry":{"type":"LineString","coordinates":[[-119.19413663126316,40.772795374622305],[-119.19367718390494,40.7724459757236]]},"properties":{"OBJECTID":126,"name":"3:00","source":"radial","kind":"avenue","width_ft":40}},{"type":"Feature","id":127,"geometry":{"type":"LineString","coordinates":[[-119.2078840947812,40.77288613507248],[-119.2078840946687,40.772103889341]]},"properties":{"OBJECTID":127,"name":"4:30","source":"radial","kind":"avenue","width_ft":40}},{"type":"Feature","id":128,"geometry":{"type":"LineString","coordinates":[[-119.20435658845558,40.77323913567691],[-119.20470530019142,40.77317207508705],[-119.20505528666313,40.77311202121911],[-119.2054064070981,40.773058998228144],[-119.20575852026765,40.77301302744121],[-119.20611148454381,40.77297412734881],[-119.20646515795623,40.772942313597454],[-119.20681939824935,40.772917598983355],[-119.20717406293963,40.77289999344731],[-119.20752900937278,40.77288950407067],[-119.2078840947812,40.77288613507248]]},"properties":{"OBJECTID":128,"name":"D","source":"annular","kind":"annular","width_ft":30}},{"type":"Feature","id":129,"geometry":{"type":"LineString","coordinates":[[-119.20435658845558,40.77323913567691],[-119.2040903160376,40.77248353724948]]},"properties":{"OBJECTID":129,"name":"4:00","source":"radial","kind":"avenue","width_ft":40}},{"type":"Feature","id":130,"geometry":{"type":"LineString","coordinates":[[-119.21141160120837,40.773239135990956],[-119.21167787340885,40.77248353571826]]},"properties":{"OBJECTID":130,"name":"5:00","source":"radial","kind":"avenue","width_ft":40}},{"type":"Feature","id":131,"geometry":{"type":"LineString","coordinates":[[-119.2078840947812,40.77288613507248],[-119.20823918020275,40.772889504097805],[-119.20859412664845,40.77289999350257],[-119.20894879135066,40.77291759906771],[-119.20930303165511,40.77294231371186],[-119.20965670507816,40.77297412749422],[-119.21000966936425,40.77301302761855],[-119.210361782543,40.77305899843834],[-119.2107129029864,40.77311202146305],[-119.21106288946574,40.77317207536561],[-119.21141160120837,40.773239135990956]]},"properties":{"OBJECTID":131,"name":"D","source":"annular","kind":"annular","width_ft":30}},{"type":"Feature","id":132,"geometry":{"type":"LineString","coordinates":[[-119.22163156182496,40.77279536873436],[-119.2209168463903,40.77333888228013]]},"properties":{"OBJECTID":132,"name":"6:00","source":"radial","kind":"avenue","width_ft":40}},{"type":"Feature","id":133,"geometry":{"type":"LineString","coordinates":[[-119.21910403300379,40.77213060200966],[-119.21937182576659,40.77228955621633],[-119.21963681106648,40.77245314776399],[-119.21989890860739,40.772621327081],[-119.22015803896832,40.77279404320552],[-119.22041412362738,40.77297124380097],[-119.22066708498555,40.77315287517187],[-119.2209168463903,40.77333888228013]]},"properties":{"OBJECTID":133,"name":"H","source":"annular","kind":"annular","width_ft":30}},{"type":"Feature","id":134,"geometry":{"type":"LineString","coordinates":[[-119.19485134211696,40.77333888444674],[-119.19510110397044,40.77315287726212],[-119.19535406578086,40.77297124582583],[-119.19561015089542,40.77279404517605],[-119.19586928171488,40.77262132900834],[-119.19613137971709,40.77245314965938],[-119.19639636548078,40.772289558091074],[-119.19666415870964,40.772130603875155]]},"properties":{"OBJECTID":134,"name":"H","source":"annular","kind":"annular","width_ft":30}},{"type":"Feature","id":135,"geometry":{"type":"LineString","coordinates":[[-119.19485134211696,40.77333888444674],[-119.19413663126316,40.772795374622305]]},"properties":{"OBJECTID":135,"name":"3:00","source":"radial","kind":"avenue","width_ft":40}},{"type":"Feature","id":136,"geometry":{"type":"LineString","coordinates":[[-119.19789475975925,40.77335013332835],[-119.19818484542847,40.77318497234891],[-119.19847802741637,40.77302537232827],[-119.19877419913175,40.77287139129169],[-119.19907325289643,40.77272308522152],[-119.19937507998443,40.77258050803693],[-119.19967957066147,40.77244371157422]]},"properties":{"OBJECTID":136,"name":"F","source":"annular","kind":"annular","width_ft":30}},{"type":"Feature","id":137,"geometry":{"type":"LineString","coordinates":[[-119.19789475975925,40.77335013332835],[-119.19727945360955,40.77274037027366]]},"properties":{"OBJECTID":137,"name":"3:15","source":"radial","kind":"path","width_ft":40}},{"type":"Feature","id":138,"geometry":{"type":"LineString","coordinates":[[-119.21787343112075,40.773350132567984],[-119.2184887347264,40.77274037211276]]},"properties":{"OBJECTID":138,"name":"5:45","source":"radial","kind":"avenue","width_ft":40}},{"type":"Feature","id":139,"geometry":{"type":"LineString","coordinates":[[-119.21608862232648,40.772443707508494],[-119.21639311268676,40.77258050452155],[-119.21669493944434,40.772723082257144],[-119.21699399286483,40.77287138887864],[-119.21729016422209,40.77302537046656],[-119.21758334583784,40.773184971038205],[-119.21787343112075,40.773350132567984]]},"properties":{"OBJECTID":139,"name":"F","source":"annular","kind":"annular","width_ft":30}},{"type":"Feature","id":140,"geometry":{"type":"LineString","coordinates":[[-119.20055495241833,40.77359661202447],[-119.20086568675573,40.77346469274417],[-119.20117890824532,40.77333879269089],[-119.20149450030152,40.77321895872646],[-119.20181234545635,40.77310523545483],[-119.20213232540323,40.77299766520544],[-119.20245432104096,40.772896288017506],[-119.20277821251811,40.7728011416251],[-119.20310387927755,40.77271226144308],[-119.20343120010138,40.77262968055396],[-119.20376005315602,40.772553429695535],[-119.2040903160376,40.77248353724948]]},"properties":{"OBJECTID":140,"name":"E","source":"annular","kind":"annular","width_ft":40}},{"type":"Feature","id":141,"geometry":{"type":"LineString","coordinates":[[-119.20055495241833,40.77359661202447],[-119.19967957066147,40.77244371157422]]},"properties":{"OBJECTID":141,"name":"3:30","source":"radial","kind":"avenue","width_ft":40}},{"type":"Feature","id":142,"geometry":{"type":"LineString","coordinates":[[-119.21521323616383,40.77359661260702],[-119.21608862232648,40.772443707508494]]},"properties":{"OBJECTID":142,"name":"5:30","source":"radial","kind":"avenue","width_ft":40}},{"type":"Feature","id":143,"geometry":{"type":"LineString","coordinates":[[-119.21167787340885,40.77248353571826],[-119.21200813623366,40.77255342835141],[-119.21233698922738,40.772629679398236],[-119.21266430998607,40.77271226047697],[-119.21298997667606,40.772801140849715],[-119.21331386807938,40.772896287433866],[-119.21363586363886,40.77299766481446],[-119.21395584350299,40.77310523525733],[-119.2142736885705,40.77321895872317],[-119.21458928053475,40.77333879288241],[-119.21490250192775,40.77346469313101],[-119.21521323616383,40.77359661260702]]},"properties":{"OBJECTID":143,"name":"E","source":"annular","kind":"annular","width_ft":40}},{"type":"Feature","id":144,"geometry":{"type":"LineString","coordinates":[[-119.22257598372944,40.77207715181925],[-119.22284424039903,40.77228450484039],[-119.22310858019311,40.772496828624796],[-119.22336891101703,40.772714049199955],[-119.22362514217288,40.77293609088733],[-119.22387718439101,40.77316287632872],[-119.22412494986123,40.773394326513255],[-119.22436835226331,40.77363036080487]]},"properties":{"OBJECTID":144,"name":"K","source":"annular","kind":"annular","width_ft":50}},{"type":"Feature","id":145,"geometry":{"type":"LineString","coordinates":[[-119.1913998375118,40.773630363545486],[-119.19164323984616,40.773394329213154],[-119.19189100524999,40.77316287898722],[-119.19214304740304,40.77293609350378],[-119.1923992784951,40.77271405177375],[-119.19265960925655,40.772496831155344],[-119.19292394898946,40.77228450732715],[-119.19319220559919,40.7720771542617]]},"properties":{"OBJECTID":145,"name":"K","source":"annular","kind":"annular","width_ft":50}},{"type":"Feature","id":146,"geometry":{"type":"LineString","coordinates":[[-119.20788409489174,40.773654659792555],[-119.2078840947812,40.77288613507248]]},"properties":{"OBJECTID":146,"name":"4:30","source":"radial","kind":"avenue","width_ft":40}},{"type":"Feature","id":147,"geometry":{"type":"LineString","coordinates":[[-119.2209168463903,40.77333888228013],[-119.22020212759774,40.773882385045525]]},"properties":{"OBJECTID":147,"name":"6:00","source":"radial","kind":"avenue","width_ft":40}},{"type":"Feature","id":148,"geometry":{"type":"LineString","coordinates":[[-119.2184887347264,40.77274037211276],[-119.2187837694007,40.77291607518955],[-119.2190751750846,40.77309773354369],[-119.21936283158776,40.77328527225017],[-119.21964662026619,40.77347861395861],[-119.21992642407123,40.77367767892518],[-119.22020212759774,40.773882385045525]]},"properties":{"OBJECTID":148,"name":"G","source":"annular","kind":"annular","width_ft":30}},{"type":"Feature","id":149,"geometry":{"type":"LineString","coordinates":[[-119.19556606580355,40.773882389795375],[-119.19584176839929,40.7736776825761],[-119.19612157130867,40.77347861650963],[-119.1964053591262,40.77328527370129],[-119.19669301480285,40.773097733895874],[-119.1969844196942,40.77291607444469],[-119.19727945360955,40.77274037027366]]},"properties":{"OBJECTID":149,"name":"G","source":"annular","kind":"annular","width_ft":30}},{"type":"Feature","id":150,"geometry":{"type":"LineString","coordinates":[[-119.19556606580355,40.773882389795375],[-119.19485134211696,40.77333888444674]]},"properties":{"OBJECTID":150,"name":"3:00","source":"radial","kind":"avenue","width_ft":40}},{"type":"Feature","id":151,"geometry":{"type":"LineString","coordinates":[[-119.22382419686818,40.77394790914941],[-119.22436835226331,40.77363036080487]]},"properties":{"OBJECTID":151,"name":"6:15","source":"radial","kind":"avenue","width_ft":40}},{"type":"Feature","id":152,"geometry":{"type":"LineString","coordinates":[[-119.22209100434533,40.772445973361876],[-119.22235040454876,40.77264648134234],[-119.22260601714008,40.772851796025044],[-119.22285775306335,40.77306184587796],[-119.22310552461329,40.773276557719306],[-119.22334924546581,40.77349585674306],[-119.2235888307081,40.77371966654502],[-119.22382419686818,40.77394790914941]]},"properties":{"OBJECTID":152,"name":"J","source":"annular","kind":"annular","width_ft":30}},{"type":"Feature","id":153,"geometry":{"type":"LineString","coordinates":[[-119.19194399299839,40.77394791179959],[-119.19217935892556,40.77371966916706],[-119.19241894393546,40.773495859332584],[-119.19266266455622,40.77327656027195],[-119.1929104358751,40.77306184838937],[-119.19316217156809,40.77285179849088],[-119.19341778392999,40.77264648375828],[-119.19367718390494,40.7724459757236]]},"properties":{"OBJECTID":153,"name":"J","source":"annular","kind":"annular","width_ft":30}},{"type":"Feature","id":154,"geometry":{"type":"LineString","coordinates":[[-119.19194399299839,40.77394791179959],[-119.1913998375118,40.773630363545486]]},"properties":{"OBJECTID":154,"name":"2:45","source":"radial","kind":"path","width_ft":40}},{"type":"Feature","id":155,"geometry":{"type":"LineString","coordinates":[[-119.21114999528177,40.773981479170985],[-119.21141160120837,40.773239135990956]]},"properties":{"OBJECTID":155,"name":"5:00","source":"radial","kind":"avenue","width_ft":40}},{"type":"Feature","id":156,"geometry":{"type":"LineString","coordinates":[[-119.20788409489174,40.773654659792555],[-119.20821284653762,40.773657778711595],[-119.20854146951932,40.77366748995362],[-119.20886983165695,40.773683789612534],[-119.2091978008756,40.77370667113223],[-119.20952524525833,40.77373612530923],[-119.20985203309932,40.77377214029637],[-119.21017803295685,40.77381470160758],[-119.21050311370612,40.7738637921237],[-119.21082714459205,40.77391939209937],[-119.21114999528177,40.773981479170985]]},"properties":{"OBJECTID":156,"name":"C","source":"annular","kind":"annular","width_ft":30}},{"type":"Feature","id":157,"geometry":{"type":"LineString","coordinates":[[-119.20461819578014,40.773981480614495],[-119.20494104633013,40.77391939341577],[-119.20526507707868,40.77386379330901],[-119.20559015769307,40.773814702657894],[-119.20591615741829,40.77377214120782],[-119.20624294512965,40.773736126078],[-119.20657038938552,40.77370667175455],[-119.20689835848019,40.7736837900847],[-119.20722672049685,40.77366749027197],[-119.20755534336061,40.77365777887254],[-119.20788409489174,40.773654659792555]]},"properties":{"OBJECTID":157,"name":"C","source":"annular","kind":"annular","width_ft":30}},{"type":"Feature","id":158,"geometry":{"type":"LineString","coordinates":[[-119.20461819578014,40.773981480614495],[-119.20435658845558,40.77323913567691]]},"properties":{"OBJECTID":158,"name":"4:00","source":"radial","kind":"avenue","width_ft":40}},{"type":"Feature","id":159,"geometry":{"type":"LineString","coordinates":[[-119.22330868860585,40.77424873421932],[-119.22382419686818,40.77394790914941]]},"properties":{"OBJECTID":159,"name":"6:15","source":"radial","kind":"avenue","width_ft":40}},{"type":"Feature","id":160,"geometry":{"type":"LineString","coordinates":[[-119.22163156182496,40.77279536873436],[-119.22188257112573,40.77298939257958],[-119.22212991526028,40.77318806769299],[-119.22237350805158,40.773391324854295],[-119.22261326462954,40.77359909324675],[-119.22284910146072,40.77381130048189],[-119.22308093637733,40.77402787262467],[-119.22330868860585,40.77424873421932]]},"properties":{"OBJECTID":160,"name":"I","source":"annular","kind":"annular","width_ft":30}},{"type":"Feature","id":161,"geometry":{"type":"LineString","coordinates":[[-119.192459503716,40.774248738585165],[-119.19268725607276,40.77402787720889],[-119.19291909111125,40.773811305284426],[-119.19315492805804,40.773599098267404],[-119.19339468474537,40.7733913300927],[-119.19363827763983,40.77318807314864],[-119.19388562187142,40.77298939825179],[-119.19413663126316,40.772795374622305]]},"properties":{"OBJECTID":161,"name":"I","source":"annular","kind":"annular","width_ft":30}},{"type":"Feature","id":162,"geometry":{"type":"LineString","coordinates":[[-119.192459503716,40.774248738585165],[-119.19194399299839,40.77394791179959]]},"properties":{"OBJECTID":162,"name":"2:45","source":"radial","kind":"path","width_ft":40}},{"type":"Feature","id":163,"geometry":{"type":"LineString","coordinates":[[-119.21469882244595,40.77427408602361],[-119.21521323616383,40.77359661260702]]},"properties":{"OBJECTID":163,"name":"5:30","source":"radial","kind":"avenue","width_ft":40}},{"type":"Feature","id":164,"geometry":{"type":"LineString","coordinates":[[-119.21141160120837,40.773239135990956],[-119.21171868342464,40.77330412268574],[-119.21202445476325,40.77337502153294],[-119.21232880141059,40.77345180614273],[-119.21263161008336,40.77353444793451],[-119.2129327680707,40.77362291614749],[-119.21323216327619,40.77371717785223],[-119.21352968425953,40.773817197962806],[-119.21382522027805,40.773922939249935],[-119.21411866132793,40.77403436235482],[-119.2144098981851,40.774151425803744],[-119.21469882244595,40.77427408602361]]},"properties":{"OBJECTID":164,"name":"D","source":"annular","kind":"annular","width_ft":30}},{"type":"Feature","id":165,"geometry":{"type":"LineString","coordinates":[[-119.20106936869973,40.7742740898582],[-119.20135829278142,40.77415142925298],[-119.20164952946865,40.77403436541972],[-119.20194297035773,40.77392294193176],[-119.20223850622449,40.77381720026298],[-119.20253602706497,40.773717179772426],[-119.20283542213637,40.77362291768956],[-119.2031365799983,40.773534449100495],[-119.20343938855417,40.77345180693489],[-119.20374373509303,40.77337502195369],[-119.20404950633142,40.77330412273769],[-119.20435658845558,40.77323913567691]]},"properties":{"OBJECTID":165,"name":"D","source":"annular","kind":"annular","width_ft":30}},{"type":"Feature","id":166,"geometry":{"type":"LineString","coordinates":[[-119.20106936869973,40.7742740898582],[-119.20055495241833,40.77359661202447]]},"properties":{"OBJECTID":166,"name":"3:30","source":"radial","kind":"avenue","width_ft":40}},{"type":"Feature","id":167,"geometry":{"type":"LineString","coordinates":[[-119.20788409500227,40.774423179006924],[-119.20788409489174,40.773654659792555]]},"properties":{"OBJECTID":167,"name":"4:30","source":"radial","kind":"avenue","width_ft":40}},{"type":"Feature","id":168,"geometry":{"type":"LineString","coordinates":[[-119.22020212759774,40.773882385045525],[-119.21948739478789,40.774425885136026]]},"properties":{"OBJECTID":168,"name":"6:00","source":"radial","kind":"avenue","width_ft":40}},{"type":"Feature","id":169,"geometry":{"type":"LineString","coordinates":[[-119.21787343112075,40.773350132567984],[-119.2181513449768,40.77351564118109],[-119.21842584035161,40.77368675956584],[-119.21869680402635,40.77386341714243],[-119.21896412423885,40.77404554104637],[-119.21922769072972,40.77423305615851],[-119.21948739478789,40.774425885136026]]},"properties":{"OBJECTID":169,"name":"F","source":"annular","kind":"annular","width_ft":30}},{"type":"Feature","id":170,"geometry":{"type":"LineString","coordinates":[[-119.1962807999543,40.77442589066768],[-119.19654050330512,40.77423306089463],[-119.19680406911449,40.774045544986144],[-119.19707138867103,40.77386342028576],[-119.1973423517151,40.773686761913325],[-119.19761684648422,40.773515642734026],[-119.19789475975925,40.77335013332835]]},"properties":{"OBJECTID":170,"name":"F","source":"annular","kind":"annular","width_ft":30}},{"type":"Feature","id":171,"geometry":{"type":"LineString","coordinates":[[-119.1962807999543,40.77442589066768],[-119.19556606580355,40.773882389795375]]},"properties":{"OBJECTID":171,"name":"3:00","source":"radial","kind":"avenue","width_ft":40}},{"type":"Feature","id":172,"geometry":{"type":"LineString","coordinates":[[-119.19326141759949,40.77471668635549],[-119.19347732765371,40.774507307696936],[-119.19369710818319,40.7743019955126],[-119.1939206826122,40.77410082133715],[-119.19414797304314,40.7739038552635],[-119.19437890028374,40.77371116591837],[-119.19461338387453,40.7735228204384],[-119.19485134211696,40.77333888444674]]},"properties":{"OBJECTID":172,"name":"H","source":"annular","kind":"annular","width_ft":30}},{"type":"Feature","id":173,"geometry":{"type":"LineString","coordinates":[[-119.19326141759949,40.77471668635549],[-119.192459503716,40.774248738585165]]},"properties":{"OBJECTID":173,"name":"2:45","source":"radial","kind":"path","width_ft":40}},{"type":"Feature","id":174,"geometry":{"type":"LineString","coordinates":[[-119.22250677011957,40.77471668482507],[-119.22330868860585,40.77424873421932]]},"properties":{"OBJECTID":174,"name":"6:15","source":"radial","kind":"avenue","width_ft":40}},{"type":"Feature","id":175,"geometry":{"type":"LineString","coordinates":[[-119.2209168463903,40.77333888228013],[-119.22115480452992,40.773522818363254],[-119.22138928801469,40.773711163934635],[-119.221620215146,40.773903853371046],[-119.22184750546442,40.77410081953577],[-119.22207107977758,40.77430199380197],[-119.22229086018788,40.774507306076664],[-119.22250677011957,40.77471668482507]]},"properties":{"OBJECTID":175,"name":"H","source":"annular","kind":"annular","width_ft":30}},{"type":"Feature","id":176,"geometry":{"type":"LineString","coordinates":[[-119.21088838353207,40.774723820761885],[-119.21114999528177,40.773981479170985]]},"properties":{"OBJECTID":176,"name":"5:00","source":"radial","kind":"avenue","width_ft":40}},{"type":"Feature","id":177,"geometry":{"type":"LineString","coordinates":[[-119.20788409500227,40.774423179006924],[-119.20818651232707,40.77442604825984],[-119.20848881129064,40.774434981768934],[-119.20879087030103,40.77444997594093],[-119.20909256786285,40.77447102474483],[-119.20939378262608,40.774498119714266],[-119.20969439343487,40.77453124995101],[-119.20999427937635,40.774570402129285],[-119.21029331982913,40.77461556050113],[-119.21059139451198,40.77466670690277],[-119.21088838353207,40.774723820761885]]},"properties":{"OBJECTID":177,"name":"B","source":"annular","kind":"annular","width_ft":30}},{"type":"Feature","id":178,"geometry":{"type":"LineString","coordinates":[[-119.20487980774342,40.77472382216194],[-119.20517679662497,40.77466670818037],[-119.20547487117153,40.77461556165225],[-119.20577391149043,40.77457040314993],[-119.20607379730046,40.774531250837256],[-119.20637440798042,40.77449812046222],[-119.20667562261748,40.77447102535065],[-119.20697732005593,40.77444997640084],[-119.20727937894583,40.77443498207919],[-119.20758167779188,40.77442604841677],[-119.20788409500227,40.774423179006924]]},"properties":{"OBJECTID":178,"name":"B","source":"annular","kind":"annular","width_ft":30}},{"type":"Feature","id":179,"geometry":{"type":"LineString","coordinates":[[-119.20487980774342,40.77472382216194],[-119.20461819578014,40.773981480614495]]},"properties":{"OBJECTID":179,"name":"4:00","source":"radial","kind":"avenue","width_ft":40}},{"type":"Feature","id":180,"geometry":{"type":"LineString","coordinates":[[-119.21419342100552,40.774939675391835],[-119.21469882244595,40.77427408602361]]},"properties":{"OBJECTID":180,"name":"5:30","source":"radial","kind":"avenue","width_ft":40}},{"type":"Feature","id":181,"geometry":{"type":"LineString","coordinates":[[-119.21114999528177,40.773981479170985],[-119.21146266867366,40.774047964438054],[-119.21177386076448,40.77412107000104],[-119.21208343139797,40.77420076293428],[-119.21239124114814,40.774287007345265],[-119.21269715138209,40.77437976439081],[-119.2130010243224,40.77447899229452],[-119.21330272310925,40.774584646365625],[-119.21360211186202,40.77469667901912],[-119.21389905574047,40.77481503979717],[-119.21419342100552,40.774939675391835]]},"properties":{"OBJECTID":181,"name":"C","source":"annular","kind":"annular","width_ft":30}},{"type":"Feature","id":182,"geometry":{"type":"LineString","coordinates":[[-119.2015747703318,40.7749396782419],[-119.2018691355507,40.774815042495675],[-119.20216607938742,40.774696681568194],[-119.20246546810282,40.774584648767515],[-119.2027671668565,40.77447899455157],[-119.20307103976778,40.774379766505504],[-119.20337694997666,40.774287009320176],[-119.20368475970564,40.774200764772075],[-119.20399433032166,40.774121071704506],[-119.20430552239863,40.774047966010066],[-119.20461819578014,40.773981480614495]]},"properties":{"OBJECTID":182,"name":"C","source":"annular","kind":"annular","width_ft":30}},{"type":"Feature","id":183,"geometry":{"type":"LineString","coordinates":[[-119.2015747703318,40.7749396782419],[-119.20106936869973,40.7742740898582]]},"properties":{"OBJECTID":183,"name":"3:30","source":"radial","kind":"avenue","width_ft":40}},{"type":"Feature","id":184,"geometry":{"type":"LineString","coordinates":[[-119.19406334984305,40.775184633020636],[-119.19426741677069,40.774986736634084],[-119.19447514197827,40.77479268373178],[-119.19468645308802,40.7746025419277],[-119.19490127647266,40.77441637747305],[-119.19511953728116,40.77423425523323],[-119.19534115946477,40.7740562386652],[-119.19556606580355,40.773882389795375]]},"properties":{"OBJECTID":184,"name":"G","source":"annular","kind":"annular","width_ft":30}},{"type":"Feature","id":185,"geometry":{"type":"LineString","coordinates":[[-119.19406334984305,40.775184633020636],[-119.19326141759949,40.77471668635549]]},"properties":{"OBJECTID":185,"name":"2:45","source":"radial","kind":"path","width_ft":40}},{"type":"Feature","id":186,"geometry":{"type":"LineString","coordinates":[[-119.22170483682618,40.77518463162363],[-119.22250677011957,40.77471668482507]]},"properties":{"OBJECTID":186,"name":"6:15","source":"radial","kind":"avenue","width_ft":40}},{"type":"Feature","id":187,"geometry":{"type":"LineString","coordinates":[[-119.22020212759774,40.773882385045525],[-119.22042703301604,40.774056234431086],[-119.22064865426522,40.774234251503174],[-119.22086691412544,40.774416374235024],[-119.22108173654809,40.77460253916934],[-119.22129304668226,40.774792681440374],[-119.22150077090085,40.77498673479657],[-119.22170483682618,40.77518463162363]]},"properties":{"OBJECTID":187,"name":"G","source":"annular","kind":"annular","width_ft":30}},{"type":"Feature","id":188,"geometry":{"type":"LineString","coordinates":[[-119.20788409511283,40.77519169991965],[-119.20788409500227,40.774423179006924]]},"properties":{"OBJECTID":188,"name":"4:30","source":"radial","kind":"avenue","width_ft":40}},{"type":"Feature","id":189,"geometry":{"type":"LineString","coordinates":[[-119.22436835226331,40.77363036080487],[-119.22459868817609,40.77386251449963],[-119.2248243193509,40.77409924333955],[-119.22504515493084,40.77434045199889],[-119.22526110599,40.774586043347966],[-119.22547208556945,40.77483591849231],[-119.22567800871211,40.77508997681242],[-119.22587879249706,40.77534811600434]]},"properties":{"OBJECTID":189,"name":"K","source":"annular","kind":"annular","width_ft":50}},{"type":"Feature","id":190,"geometry":{"type":"LineString","coordinates":[[-119.18988939777198,40.77534811899629],[-119.19009018148239,40.7750899797712],[-119.19029610455182,40.774835921416944],[-119.19050708405936,40.774586046237516],[-119.19072303504795,40.77434045485245],[-119.19094387055864,40.77409924615626],[-119.19116950166557,40.77386251727868],[-119.1913998375118,40.773630363545486]]},"properties":{"OBJECTID":190,"name":"K","source":"annular","kind":"annular","width_ft":50}},{"type":"Feature","id":191,"geometry":{"type":"LineString","coordinates":[[-119.21948739478789,40.774425885136026],[-119.21824934518517,40.77536729640177]]},"properties":{"OBJECTID":191,"name":"6:00","source":"radial","kind":"avenue","width_ft":40}},{"type":"Feature","id":192,"geometry":{"type":"LineString","coordinates":[[-119.21521323616383,40.77359661260702],[-119.21541996884272,40.77368905493033],[-119.21562468485789,40.77378405596903],[-119.21582732941661,40.77388159029978],[-119.21602784827984,40.77398163182122],[-119.21622618777664,40.7740841537609],[-119.2164222948185,40.774189128682444],[-119.21661611691374,40.774296528492926],[-119.21680760218132,40.774406324450275],[-119.21699669936488,40.77451848717111],[-119.21718335784631,40.774632986638494],[-119.21736752765945,40.774749792209924],[-119.21754915950338,40.77486887262564],[-119.21772820475555,40.77499019601688],[-119.21790461548493,40.775113729914445],[-119.21807834446479,40.775239441257376],[-119.21824934518517,40.77536729640177]]},"properties":{"OBJECTID":192,"name":"E","source":"annular","kind":"annular","width_ft":40}},{"type":"Feature","id":193,"geometry":{"type":"LineString","coordinates":[[-119.19751884864371,40.775367300827],[-119.19768984898705,40.775239445401546],[-119.1978635775959,40.77511373377291],[-119.19803998796056,40.774990199585105],[-119.19821903285431,40.774868875899124],[-119.19840066434624,40.77474979518428],[-119.19858483381387,40.774632989309396],[-119.1987714919564,40.77451848953431],[-119.19896058880771,40.77440632650164],[-119.19915207374986,40.774296530228376],[-119.19934589552649,40.77418913009802],[-119.19954200225672,40.77408415485268],[-119.19974034144892,40.77398163258542],[-119.1999408600146,40.773881590732664],[-119.20014350428305,40.77378405606693],[-119.20034822001519,40.77368905468973],[-119.20055495241833,40.77359661202447]]},"properties":{"OBJECTID":193,"name":"E","source":"annular","kind":"annular","width_ft":40}},{"type":"Feature","id":194,"geometry":{"type":"LineString","coordinates":[[-119.19751884864371,40.775367300827],[-119.1962807999543,40.77442589066768]]},"properties":{"OBJECTID":194,"name":"3:00","source":"radial","kind":"avenue","width_ft":40}},{"type":"Feature","id":195,"geometry":{"type":"LineString","coordinates":[[-119.21419342100552,40.774939675391835],[-119.21445789813434,40.775058970890925],[-119.21471977231634,40.7751838767778],[-119.21497892455406,40.77531433629434],[-119.21523523708692,40.77545029015885]]},"properties":{"OBJECTID":195,"name":"C","source":"annular","kind":"annular","width_ft":30}},{"type":"Feature","id":196,"geometry":{"type":"LineString","coordinates":[[-119.21062676595898,40.77546616166414],[-119.21088838353207,40.774723820761885]]},"properties":{"OBJECTID":196,"name":"5:00","source":"radial","kind":"avenue","width_ft":40}},{"type":"Feature","id":197,"geometry":{"type":"LineString","coordinates":[[-119.20788409511283,40.77519169991965],[-119.20819084869679,40.775194952154166],[-119.20849745365071,40.775205038805375],[-119.20880375772387,40.77522195486455],[-119.209109608815,40.77524569193169],[-119.20941485504773,40.775276238219675],[-119.20971934484602,40.775313578560166],[-119.21002292700953,40.77535769441108],[-119.21032545078856,40.77540856386581],[-119.21062676595898,40.77546616166414]]},"properties":{"OBJECTID":197,"name":"A","source":"annular","kind":"annular","width_ft":30}},{"type":"Feature","id":198,"geometry":{"type":"LineString","coordinates":[[-119.20514142553012,40.77546616302068],[-119.20544274054795,40.77540856509043],[-119.20574526417711,40.77535769549893],[-119.20604884619362,40.775313579506474],[-119.20635333584795,40.775276239019696],[-119.20665858193983,40.775245692580754],[-119.20696443289341,40.77522195535806],[-119.20727073683244,40.77520503913881],[-119.20757734165578,40.775194952323076],[-119.20788409511283,40.77519169991965]]},"properties":{"OBJECTID":198,"name":"A","source":"annular","kind":"annular","width_ft":30}},{"type":"Feature","id":199,"geometry":{"type":"LineString","coordinates":[[-119.20514142553012,40.77546616302068],[-119.20487980774342,40.77472382216194]]},"properties":{"OBJECTID":199,"name":"4:00","source":"radial","kind":"avenue","width_ft":40}},{"type":"Feature","id":200,"geometry":{"type":"LineString","coordinates":[[-119.2020801796821,40.775605262534775],[-119.20235096435938,40.77549061073384],[-119.20262412110505,40.77538173112505],[-119.20289952689212,40.77527867274666],[-119.2031770576807,40.77518148201509],[-119.20345658847378,40.775090202704035],[-119.20373799337362,40.77500487592476],[-119.20402114563835,40.774925540107546],[-119.20430591773912,40.77485223098443],[-119.20459218141754,40.774784981573085],[-119.20487980774342,40.77472382216194]]},"properties":{"OBJECTID":200,"name":"B","source":"annular","kind":"annular","width_ft":30}},{"type":"Feature","id":201,"geometry":{"type":"LineString","coordinates":[[-119.2020801796821,40.775605262534775],[-119.2015747703318,40.7749396782419]]},"properties":{"OBJECTID":201,"name":"3:30","source":"radial","kind":"avenue","width_ft":40}},{"type":"Feature","id":202,"geometry":{"type":"LineString","coordinates":[[-119.21368800947789,40.775605262470336],[-119.21419342100552,40.774939675391835]]},"properties":{"OBJECTID":202,"name":"5:30","source":"radial","kind":"avenue","width_ft":40}},{"type":"Feature","id":203,"geometry":{"type":"LineString","coordinates":[[-119.21088838353207,40.774723820761885],[-119.21117600965879,40.774784980330175],[-119.21146227313494,40.774852229893575],[-119.21174704503049,40.77492553916358],[-119.21203019708715,40.77500487512248],[-119.21231160177621,40.77509020203817],[-119.21259113235593,40.77518148148033],[-119.2128686629287,40.775278672337635],[-119.21314406849764,40.77538173083635],[-119.21341722502298,40.77549061056001],[-119.21368800947789,40.775605262470336]]},"properties":{"OBJECTID":203,"name":"B","source":"annular","kind":"annular","width_ft":30}},{"type":"Feature","id":204,"geometry":{"type":"LineString","coordinates":[[-119.22528476579568,40.7756089573921],[-119.22587879249706,40.77534811600434]]},"properties":{"OBJECTID":204,"name":"6:30","source":"radial","kind":"avenue","width_ft":40}},{"type":"Feature","id":205,"geometry":{"type":"LineString","coordinates":[[-119.22382419686818,40.77394790914941],[-119.22404692783756,40.774172398864856],[-119.22426510933668,40.77440131271438],[-119.2244786535066,40.77463455851727],[-119.22468747435572,40.77487204234836],[-119.22489148779455,40.77511366857592],[-119.22509061166943,40.77535933990008],[-119.22528476579568,40.7756089573921]]},"properties":{"OBJECTID":205,"name":"J","source":"annular","kind":"annular","width_ft":30}},{"type":"Feature","id":206,"geometry":{"type":"LineString","coordinates":[[-119.19048342454855,40.77560896028533],[-119.19067757860269,40.77535934276122],[-119.19087670240675,40.77511367140402],[-119.19108071577604,40.77487204514254],[-119.19128953655691,40.77463456127664],[-119.19150308065987,40.774401315438126],[-119.19172126209334,40.774172401552185],[-119.19194399299839,40.77394791179959]]},"properties":{"OBJECTID":206,"name":"J","source":"annular","kind":"annular","width_ft":30}},{"type":"Feature","id":207,"geometry":{"type":"LineString","coordinates":[[-119.19048342454855,40.77560896028533],[-119.18988939777198,40.77534811899629]]},"properties":{"OBJECTID":207,"name":"2:30","source":"radial","kind":"avenue","width_ft":40}},{"type":"Feature","id":208,"geometry":{"type":"LineString","coordinates":[[-119.22090289938514,40.77565256830993],[-119.22170483682618,40.77518463162363]]},"properties":{"OBJECTID":208,"name":"6:15","source":"radial","kind":"avenue","width_ft":40}},{"type":"Feature","id":209,"geometry":{"type":"LineString","coordinates":[[-119.21948739478789,40.774425885136026],[-119.21973425899088,40.7746173235903],[-119.2199768958365,40.77481409243346],[-119.22021519025111,40.77501609834539],[-119.22044902922056,40.77522324552219],[-119.22067830184373,40.775435435721676],[-119.22090289938514,40.77565256830993]]},"properties":{"OBJECTID":209,"name":"F","source":"annular","kind":"annular","width_ft":30}},{"type":"Feature","id":210,"geometry":{"type":"LineString","coordinates":[[-119.19486528978757,40.77565257137495],[-119.19508988828854,40.775435439157434],[-119.19531916185909,40.77522324934531],[-119.19555300176347,40.77501610257214],[-119.19579129710031,40.77481409707975],[-119.19603393485521,40.774617328671674],[-119.1962807999543,40.77442589066768]]},"properties":{"OBJECTID":210,"name":"F","source":"annular","kind":"annular","width_ft":30}},{"type":"Feature","id":211,"geometry":{"type":"LineString","coordinates":[[-119.19486528978757,40.77565257137495],[-119.19406334984305,40.775184633020636]]},"properties":{"OBJECTID":211,"name":"2:45","source":"radial","kind":"path","width_ft":40}},{"type":"Feature","id":212,"geometry":{"type":"LineString","coordinates":[[-119.22472200336026,40.77585606574841],[-119.22528476579568,40.7756089573921]]},"properties":{"OBJECTID":212,"name":"6:30","source":"radial","kind":"avenue","width_ft":40}},{"type":"Feature","id":213,"geometry":{"type":"LineString","coordinates":[[-119.22330868860585,40.77424873421932],[-119.22352421387268,40.77446596417221],[-119.2237353367392,40.7746874751839],[-119.22394197218675,40.774913178052486],[-119.22414403700375,40.77514298188796],[-119.22434144981922,40.7753767941489],[-119.22453413113548,40.775614520679675],[-119.22472200336026,40.77585606574841]]},"properties":{"OBJECTID":213,"name":"I","source":"annular","kind":"annular","width_ft":30}},{"type":"Feature","id":214,"geometry":{"type":"LineString","coordinates":[[-119.19104618705514,40.775856068548094],[-119.19123405957613,40.775614523695246],[-119.19142674118066,40.77537679738336],[-119.19162415427641,40.77514298534408],[-119.19182621936575,40.774913181732806],[-119.19203285507767,40.77468747909073],[-119.19224397820064,40.77446596830761],[-119.192459503716,40.774248738585165]]},"properties":{"OBJECTID":214,"name":"I","source":"annular","kind":"annular","width_ft":30}},{"type":"Feature","id":215,"geometry":{"type":"LineString","coordinates":[[-119.19104618705514,40.775856068548094],[-119.19048342454855,40.77560896028533]]},"properties":{"OBJECTID":215,"name":"2:30","source":"radial","kind":"avenue","width_ft":40}},{"type":"Feature","id":216,"geometry":{"type":"LineString","coordinates":[[-119.19824637686179,40.77592049340803],[-119.19840537374041,40.77580161225283],[-119.19856690744987,40.77568472440979],[-119.19873093474507,40.77556986116222],[-119.19889741171431,40.775457053251344],[-119.19906629379078,40.775346330868196],[-119.1992375357648,40.775237723645496],[-119.19941109179572,40.775131260649744],[-119.1995869154243,40.77502697037345],[-119.19976495958507,40.77492488072748],[-119.19994517661895,40.7748250190337],[-119.20012751828602,40.774727412017526],[-119.20031193577837,40.77463208580087],[-119.20049837973322,40.77453906589514],[-119.20068680024609,40.77444837719446],[-119.20087714688414,40.77436004396894],[-119.20106936869973,40.7742740898582]]},"properties":{"OBJECTID":216,"name":"D","source":"annular","kind":"annular","width_ft":30}},{"type":"Feature","id":217,"geometry":{"type":"LineString","coordinates":[[-119.19824637686179,40.77592049340803],[-119.19751884864371,40.775367300827]]},"properties":{"OBJECTID":217,"name":"3:00","source":"radial","kind":"avenue","width_ft":40}},{"type":"Feature","id":218,"geometry":{"type":"LineString","coordinates":[[-119.21824934518517,40.77536729640177],[-119.21752181120422,40.77592049360673]]},"properties":{"OBJECTID":218,"name":"6:00","source":"radial","kind":"avenue","width_ft":40}},{"type":"Feature","id":219,"geometry":{"type":"LineString","coordinates":[[-119.21469882244595,40.77427408602361],[-119.21489104411413,40.7743600403992],[-119.21508139059863,40.77444837388825],[-119.21526981095184,40.774539062851034],[-119.21545625474096,40.77463208301739],[-119.21564067206151,40.774727409493096],[-119.21582301355078,40.77482501676669],[-119.21600323040082,40.77492487871617],[-119.21618127437178,40.77502696861599],[-119.21635709780459,40.77513125914428],[-119.21653065363381,40.77523772239002],[-119.21670189540023,40.775346329860675],[-119.2168707772633,40.775457052489664],[-119.21703725401322,40.77556986064413],[-119.21720128108342,40.775684724133015],[-119.21736281456211,40.77580161221501],[-119.21752181120422,40.77592049360673]]},"properties":{"OBJECTID":219,"name":"D","source":"annular","kind":"annular","width_ft":30}},{"type":"Feature","id":220,"geometry":{"type":"LineString","coordinates":[[-119.21523523708692,40.77545029015885],[-119.21520358004511,40.77548374660583],[-119.21464491947117,40.7760741837564]]},"properties":{"OBJECTID":220,"name":"Route 66","source":"center_camp","kind":null,"width_ft":20}},{"type":"Feature","id":221,"geometry":{"type":"LineString","coordinates":[[-119.21368800947789,40.775605262470336],[-119.2139309257955,40.77571482801069],[-119.21417145534625,40.77582953842957],[-119.21440948917854,40.775949341767074],[-119.21464491947117,40.7760741837564]]},"properties":{"OBJECTID":221,"name":"B","source":"annular","kind":"annular","width_ft":30}},{"type":"Feature","id":222,"geometry":{"type":"LineString","coordinates":[[-119.22384658854776,40.776240450149864],[-119.22472200336026,40.77585606574841]]},"properties":{"OBJECTID":222,"name":"6:30","source":"radial","kind":"avenue","width_ft":40}},{"type":"Feature","id":223,"geometry":{"type":"LineString","coordinates":[[-119.22250677011957,40.77471668482507],[-119.22271108784865,40.77492262080101],[-119.22291123199243,40.77513261528265],[-119.22310712195065,40.77534658370293],[-119.22329867883627,40.77556443989442],[-119.22348582550728,40.77578609612406],[-119.22366848659765,40.776011463128455],[-119.22384658854776,40.776240450149864]]},"properties":{"OBJECTID":223,"name":"H","source":"annular","kind":"annular","width_ft":30}},{"type":"Feature","id":224,"geometry":{"type":"LineString","coordinates":[[-119.1919216043473,40.776240453704844],[-119.19209970552767,40.776011466427825],[-119.19228236585816,40.77578609915613],[-119.1924695117793,40.775564442647784],[-119.19266106792521,40.775346586166485],[-119.19285695715402,40.77513261744558],[-119.19305710057881,40.774922622652795],[-119.19326141759949,40.77471668635549]]},"properties":{"OBJECTID":224,"name":"H","source":"annular","kind":"annular","width_ft":30}},{"type":"Feature","id":225,"geometry":{"type":"LineString","coordinates":[[-119.1919216043473,40.776240453704844],[-119.19104618705514,40.775856068548094]]},"properties":{"OBJECTID":225,"name":"2:30","source":"radial","kind":"avenue","width_ft":40}},{"type":"Feature","id":226,"geometry":{"type":"LineString","coordinates":[[-119.21318259260055,40.77627084275628],[-119.21368800947789,40.775605262470336]]},"properties":{"OBJECTID":226,"name":"5:30","source":"radial","kind":"avenue","width_ft":40}},{"type":"Feature","id":227,"geometry":{"type":"LineString","coordinates":[[-119.21062676595898,40.77546616166414],[-119.2109184455954,40.77552854233133],[-119.21120857327922,40.77559778310706],[-119.21149698768888,40.77567384549095],[-119.21178352845547,40.775756687189535],[-119.21206803625189,40.775846262139815],[-119.21235035288146,40.77594252053486],[-119.21263032136582,40.7760454088515],[-119.21290778603235,40.77615486988008],[-119.21318259260055,40.77627084275628]]},"properties":{"OBJECTID":227,"name":"A","source":"annular","kind":"annular","width_ft":30}},{"type":"Feature","id":228,"geometry":{"type":"LineString","coordinates":[[-119.20258560148879,40.776270848139944],[-119.20286040771715,40.77615487481958],[-119.20313787205684,40.776045413345194],[-119.20341784022732,40.77594252458146],[-119.20370015655577,40.77584626573839],[-119.20398466406375,40.7757566903395],[-119.20427120455442,40.77567384819207],[-119.20455961870051,40.77559778535945],[-119.204849746133,40.77552854413542],[-119.20514142553012,40.77546616302068]]},"properties":{"OBJECTID":228,"name":"A","source":"annular","kind":"annular","width_ft":30}},{"type":"Feature","id":229,"geometry":{"type":"LineString","coordinates":[[-119.20258560148879,40.776270848139944],[-119.2020801796821,40.775605262534775]]},"properties":{"OBJECTID":229,"name":"3:30","source":"radial","kind":"avenue","width_ft":40}},{"type":"Feature","id":230,"geometry":{"type":"LineString","coordinates":[[-119.2078840952846,40.77638565234668],[-119.20788409511283,40.77519169991965]]},"properties":{"OBJECTID":230,"name":"4:30","source":"radial","kind":"avenue","width_ft":40}},{"type":"Feature","id":231,"geometry":{"type":"LineString","coordinates":[[-119.2078840952846,40.77638565234668],[-119.20787523352323,40.77638565504859]]},"properties":{"OBJECTID":231,"name":"ESP","source":"annular","kind":"annular","width_ft":40}},{"type":"Feature","id":232,"geometry":{"type":"LineString","coordinates":[[-119.2130484398733,40.77644750418013],[-119.21318259260055,40.77627084275628]]},"properties":{"OBJECTID":232,"name":"5:30","source":"radial","kind":"avenue","width_ft":40}},{"type":"Feature","id":233,"geometry":{"type":"LineString","coordinates":[[-119.2130484398733,40.77644750418013],[-119.21311316642155,40.77635738907106],[-119.21318259260055,40.77627084275628]]},"properties":{"OBJECTID":233,"name":"Rods Road","source":"center_camp","kind":"center_camp","width_ft":40}},{"type":"Feature","id":234,"geometry":{"type":"LineString","coordinates":[[-119.21752181120422,40.77592049360673],[-119.21680703707813,40.77646397510811]]},"properties":{"OBJECTID":234,"name":"6:00","source":"radial","kind":"avenue","width_ft":40}},{"type":"Feature","id":235,"geometry":{"type":"LineString","coordinates":[[-119.21523523708692,40.77545029015885],[-119.21546889157409,40.77558040026301],[-119.21569968545947,40.775715519621556],[-119.21592751136758,40.775855585371026],[-119.2161522633038,40.77600053234667],[-119.21637383670362,40.77615029311279],[-119.21659212848138,40.776304797994094],[-119.21680703707813,40.77646397510811]]},"properties":{"OBJECTID":235,"name":"C","source":"annular","kind":"annular","width_ft":30}},{"type":"Feature","id":236,"geometry":{"type":"LineString","coordinates":[[-119.19896115706653,40.77646397929354],[-119.19910836076969,40.776353914846645],[-119.19925791322137,40.776245695864176],[-119.19940977438394,40.7761393513101],[-119.1995639036025,40.77603490964648],[-119.19972025961557,40.775932398825994],[-119.19987880056637,40.77583184628444],[-119.20003948401393,40.77573327893333],[-119.20020226694442,40.7756367231528],[-119.20036710578266,40.775542204784514],[-119.2005339564039,40.7754497491247],[-119.20070277414544,40.77535938091746],[-119.20087351381872,40.77527112434812],[-119.20104612972135,40.7751850030368],[-119.20122057564933,40.775101040032055],[-119.20139680490945,40.77501925780472],[-119.2015747703318,40.7749396782419]]},"properties":{"OBJECTID":236,"name":"C","source":"annular","kind":"annular","width_ft":30}},{"type":"Feature","id":237,"geometry":{"type":"LineString","coordinates":[[-119.19896115706653,40.77646397929354],[-119.19824637686179,40.77592049340803]]},"properties":{"OBJECTID":237,"name":"3:00","source":"radial","kind":"avenue","width_ft":40}},{"type":"Feature","id":238,"geometry":{"type":"LineString","coordinates":[[-119.21022031184727,40.77661943848285],[-119.21062676595898,40.77546616166414]]},"properties":{"OBJECTID":238,"name":"5:00","source":"radial","kind":"avenue","width_ft":40}},{"type":"Feature","id":239,"geometry":{"type":"LineString","coordinates":[[-119.2078840952846,40.77638565234668],[-119.20814538904126,40.77638842245312],[-119.20840655619779,40.77639701414185],[-119.20866746706638,40.776411423146506],[-119.2089279920865,40.776431642312],[-119.20918800188922,40.7764576615981],[-119.20944736736146,40.776489468084414],[-119.20970595971008,40.77652704597679],[-119.20996365052586,40.77657037661517],[-119.21022031184727,40.77661943848285]]},"properties":{"OBJECTID":239,"name":"ESP","source":"annular","kind":"annular","width_ft":40}},{"type":"Feature","id":240,"geometry":{"type":"LineString","coordinates":[[-119.20554787878913,40.77661943887131],[-119.20580357078137,40.776570549997054],[-119.2060602850923,40.77652734954003],[-119.20631789518697,40.77648985879382],[-119.20657627408887,40.77645809623769],[-119.2068352944426,40.776432077527446],[-119.20709482857652,40.77641181548777],[-119.2073547485658,40.77639732010586],[-119.20761492629539,40.7763885985265],[-119.20787523352323,40.77638565504859]]},"properties":{"OBJECTID":240,"name":"ESP","source":"annular","kind":"annular","width_ft":40}},{"type":"Feature","id":241,"geometry":{"type":"LineString","coordinates":[[-119.20554787878913,40.77661943887131],[-119.20514142553012,40.77546616302068]]},"properties":{"OBJECTID":241,"name":"4:00","source":"radial","kind":"avenue","width_ft":40}},{"type":"Feature","id":242,"geometry":{"type":"LineString","coordinates":[[-119.19279703054765,40.77662483219684],[-119.19296536183897,40.77640840325283],[-119.19313800231312,40.77619539579258],[-119.19331488244352,40.775985895599476],[-119.19349593099612,40.77577998704444],[-119.19368107505822,40.77557775305196],[-119.19387024006767,40.77537927506669],[-119.19406334984305,40.775184633020636]]},"properties":{"OBJECTID":242,"name":"G","source":"annular","kind":"annular","width_ft":30}},{"type":"Feature","id":243,"geometry":{"type":"LineString","coordinates":[[-119.19279703054765,40.77662483219684],[-119.1919216043473,40.776240453704844]]},"properties":{"OBJECTID":243,"name":"2:30","source":"radial","kind":"avenue","width_ft":40}},{"type":"Feature","id":244,"geometry":{"type":"LineString","coordinates":[[-119.22297115416696,40.77662483239045],[-119.22384658854776,40.776240450149864]]},"properties":{"OBJECTID":244,"name":"6:30","source":"radial","kind":"avenue","width_ft":40}},{"type":"Feature","id":245,"geometry":{"type":"LineString","coordinates":[[-119.22170483682618,40.77518463162363],[-119.22189794634912,40.77537927390144],[-119.22208711109728,40.77557775211741],[-119.22227225488918,40.77577998633925],[-119.22245330316264,40.77598589512205],[-119.2226301830049,40.77619539554106],[-119.22280282318188,40.77640840322508],[-119.22297115416696,40.77662483239045]]},"properties":{"OBJECTID":245,"name":"G","source":"annular","kind":"annular","width_ft":30}},{"type":"Feature","id":246,"geometry":{"type":"LineString","coordinates":[[-119.21464491947117,40.7760741837564],[-119.21405459199548,40.77669807516787]]},"properties":{"OBJECTID":246,"name":"Route 66","source":"center_camp","kind":null,"width_ft":20}},{"type":"Feature","id":247,"geometry":{"type":"LineString","coordinates":[[-119.21318259260055,40.77627084275628],[-119.21340394704532,40.77637067946802],[-119.21362313086046,40.776475195564466],[-119.21384004513833,40.77658434388229],[-119.21405459199548,40.77669807516787]]},"properties":{"OBJECTID":247,"name":"A","source":"annular","kind":"annular","width_ft":30}},{"type":"Feature","id":248,"geometry":{"type":"LineString","coordinates":[[-119.21680703707813,40.77646397510811],[-119.21609224774862,40.77700745483386]]},"properties":{"OBJECTID":248,"name":"6:00","source":"radial","kind":"avenue","width_ft":40}},{"type":"Feature","id":249,"geometry":{"type":"LineString","coordinates":[[-119.21464491947117,40.7760741837564],[-119.21486007688054,40.77619395794393],[-119.21507259846938,40.776318349025146],[-119.21528238518269,40.776447299022124],[-119.21548933924021,40.776580747832085],[-119.21569336418194,40.77671863325537],[-119.21589436491314,40.77686089102445],[-119.21609224774862,40.77700745483386]]},"properties":{"OBJECTID":249,"name":"B","source":"annular","kind":"annular","width_ft":30}},{"type":"Feature","id":250,"geometry":{"type":"LineString","coordinates":[[-119.19967594655256,40.777007458900485],[-119.19981135707803,40.77690621130862],[-119.19994892825657,40.77680666133296],[-119.20008862325814,40.77670883561784],[-119.20023040468455,40.77661276034603],[-119.2003742345798,40.77651846123168],[-119.20052007444012,40.776425963513496],[-119.20066788522422,40.776335291947866],[-119.20081762736386,40.776246470802405],[-119.20096926077429,40.77615952384932],[-119.20112274486515,40.77607447435914],[-119.20127803855118,40.77599134509447],[-119.20143510026325,40.775910158303894],[-119.2015938879596,40.77583093571606],[-119.20175435913688,40.775753698533805],[-119.20191647084174,40.775678467428556],[-119.2020801796821,40.775605262534775]]},"properties":{"OBJECTID":250,"name":"B","source":"annular","kind":"annular","width_ft":30}},{"type":"Feature","id":251,"geometry":{"type":"LineString","coordinates":[[-119.19967594655256,40.777007458900485],[-119.19896115706653,40.77646397929354]]},"properties":{"OBJECTID":251,"name":"3:00","source":"radial","kind":"avenue","width_ft":40}},{"type":"Feature","id":252,"geometry":{"type":"LineString","coordinates":[[-119.22209572509125,40.777009200760226],[-119.22297115416696,40.77662483239045]]},"properties":{"OBJECTID":252,"name":"6:30","source":"radial","kind":"avenue","width_ft":40}},{"type":"Feature","id":253,"geometry":{"type":"LineString","coordinates":[[-119.22090289938514,40.77565256830993],[-119.22111475975596,40.77586682763225],[-119.22132154596198,40.776085988164574],[-119.22152314465005,40.77630992977058],[-119.22171944531064,40.77653852969312],[-119.22191034033841,40.776771662621506],[-119.22209572509125,40.777009200760226]]},"properties":{"OBJECTID":253,"name":"F","source":"annular","kind":"annular","width_ft":30}},{"type":"Feature","id":254,"geometry":{"type":"LineString","coordinates":[[-119.19367246565633,40.77700920312335],[-119.19385785016087,40.77677166512273],[-119.19404874493435,40.77653853232426],[-119.19424504533487,40.776309932523255],[-119.19444664375735,40.7760859910302],[-119.19465342969255,40.77586683060205],[-119.19486528978757,40.77565257137495]]},"properties":{"OBJECTID":254,"name":"F","source":"annular","kind":"annular","width_ft":30}},{"type":"Feature","id":255,"geometry":{"type":"LineString","coordinates":[[-119.19367246565633,40.77700920312335],[-119.19279703054765,40.77662483219684]]},"properties":{"OBJECTID":255,"name":"2:30","source":"radial","kind":"avenue","width_ft":40}},{"type":"Feature","id":256,"geometry":{"type":"LineString","coordinates":[[-119.22587879249706,40.77534811600434],[-119.22606749168713,40.775601420198264],[-119.22625069748653,40.77585872553062],[-119.22642832508429,40.77611991288773],[-119.22660029225169,40.776384861358814],[-119.22676651938046,40.77665344829196],[-119.22692692951948,40.77692554935093],[-119.22708144841053,40.777201038572684]]},"properties":{"OBJECTID":256,"name":"K","source":"annular","kind":"annular","width_ft":50}},{"type":"Feature","id":257,"geometry":{"type":"LineString","coordinates":[[-119.18868674239144,40.777201041764876],[-119.18884126120257,40.77692555251824],[-119.1890016712629,40.77665345143309],[-119.18916789831422,40.77638486447248],[-119.18933986540547,40.776119915972714],[-119.18951749292833,40.775858728585725],[-119.18970069865416,40.77560142322234],[-119.18988939777198,40.77534811899629]]},"properties":{"OBJECTID":257,"name":"K","source":"annular","kind":"annular","width_ft":50}},{"type":"Feature","id":258,"geometry":{"type":"LineString","coordinates":[[-119.21239736584944,40.77730487014888],[-119.2130484398733,40.77644750418013]]},"properties":{"OBJECTID":258,"name":"5:30","source":"radial","kind":"avenue","width_ft":40}},{"type":"Feature","id":259,"geometry":{"type":"LineString","coordinates":[[-119.21022031184727,40.77661943848285],[-119.21046876475222,40.776672574611425],[-119.21071589568585,40.77673155423314],[-119.2109615672321,40.776796344552636],[-119.21120564278638,40.77686690954355],[-119.21144798663154,40.776943209968515],[-119.21168846401335,40.77702520340102],[-119.21192694121542,40.777112844248975],[-119.21216328563354,40.77720608378007],[-119.21239736584944,40.77730487014888]]},"properties":{"OBJECTID":259,"name":"ESP","source":"annular","kind":"annular","width_ft":40}},{"type":"Feature","id":260,"geometry":{"type":"LineString","coordinates":[[-119.20337082498416,40.77730487089935],[-119.20360490517376,40.77720608449076],[-119.2038412495667,40.77711284491969],[-119.20407972674468,40.777025204031624],[-119.20432020410352,40.77694321055889],[-119.2045625479268,40.7768669100936],[-119.20480662346027,40.77679634506231],[-119.2050522949868,40.7767315547024],[-119.20529942590179,40.776672575040266],[-119.20554787878913,40.77661943887131]]},"properties":{"OBJECTID":260,"name":"ESP","source":"annular","kind":"annular","width_ft":40}},{"type":"Feature","id":261,"geometry":{"type":"LineString","coordinates":[[-119.20337082498416,40.77730487089935],[-119.20258560148879,40.776270848139944]]},"properties":{"OBJECTID":261,"name":"3:30","source":"radial","kind":"avenue","width_ft":40}},{"type":"Feature","id":262,"geometry":{"type":"LineString","coordinates":[[-119.22644769851023,40.7774007134988],[-119.22708144841053,40.777201038572684]]},"properties":{"OBJECTID":262,"name":"6:45","source":"radial","kind":"path","width_ft":20}},{"type":"Feature","id":263,"geometry":{"type":"LineString","coordinates":[[-119.22528476579568,40.7756089573921],[-119.22546723285363,40.77585389987975],[-119.22564438779541,40.77610271140702],[-119.22581614860911,40.7763552767894],[-119.22598243577997,40.776611479104574],[-119.22614317232723,40.77687119974656],[-119.2262982838397,40.77713431848059],[-119.22644769851023,40.7774007134988]]},"properties":{"OBJECTID":263,"name":"J","source":"annular","kind":"annular","width_ft":30}},{"type":"Feature","id":264,"geometry":{"type":"LineString","coordinates":[[-119.21273717442497,40.77746167634933],[-119.2127370088629,40.777395926929486],[-119.21273950838727,40.77733020484937],[-119.21274467061657,40.77726457251968],[-119.21275249064081,40.77719909226574],[-119.2127629610263,40.77713382626826],[-119.21277607182245,40.77706883650428],[-119.21279181057146,40.77700418468841],[-119.21281016232022,40.77693993221413],[-119.21283110963442,40.77687614009552],[-119.2128546326151,40.77681286890936],[-119.2128807089177,40.776750178737565],[-119.21290931377331,40.77668812911018],[-119.21294042001203,40.77662677894881],[-119.21297399808894,40.77656618651066],[-119.21301001611221,40.77650640933337],[-119.2130484398733,40.77644750418013]]},"properties":{"OBJECTID":264,"name":"Rods Road","source":"center_camp","kind":"center_camp","width_ft":40}},{"type":"Feature","id":265,"geometry":{"type":"LineString","coordinates":[[-119.21239736584944,40.77730487014888],[-119.21256801047886,40.77738166888371],[-119.21273717442497,40.77746167634933]]},"properties":{"OBJECTID":265,"name":"ESP","source":"annular","kind":"annular","width_ft":40}},{"type":"Feature","id":266,"geometry":{"type":"LineString","coordinates":[[-119.21609224774862,40.77700745483386],[-119.21537744203069,40.77755093368428]]},"properties":{"OBJECTID":266,"name":"6:00","source":"radial","kind":"avenue","width_ft":40}},{"type":"Feature","id":267,"geometry":{"type":"LineString","coordinates":[[-119.21405459199548,40.77669807516787],[-119.21428379603698,40.776826165553715],[-119.21450969773382,40.77695999403706],[-119.21473215346374,40.77709947553333],[-119.2149510217954,40.77724452136396],[-119.21516616357817,40.7773950393127],[-119.21537744203069,40.77755093368428]]},"properties":{"OBJECTID":267,"name":"A","source":"annular","kind":"annular","width_ft":30}},{"type":"Feature","id":268,"geometry":{"type":"LineString","coordinates":[[-119.20039074887349,40.77755093493033],[-119.20059589928233,40.77740003498161],[-119.2008045535433,40.777254018256016],[-119.20101659544491,40.77711296607864],[-119.20123190688885,40.776976957009516],[-119.20145036795586,40.77684606679988],[-119.20167185697244,40.77672036834998],[-119.2018962505787,40.77659993166849],[-119.20212342379696,40.7764848238335],[-119.20235325010148,40.77637510895515],[-119.20258560148879,40.776270848139944]]},"properties":{"OBJECTID":268,"name":"A","source":"annular","kind":"annular","width_ft":30}},{"type":"Feature","id":269,"geometry":{"type":"LineString","coordinates":[[-119.20039074887349,40.77755093493033],[-119.19967594655256,40.777007458900485]]},"properties":{"OBJECTID":269,"name":"3:00","source":"radial","kind":"avenue","width_ft":40}},{"type":"Feature","id":270,"geometry":{"type":"LineString","coordinates":[[-119.18992087546147,40.777589873915666],[-119.19006545626361,40.77733209489342],[-119.19021554970645,40.77707748619154],[-119.19037108630465,40.77682616568047],[-119.19053199405292,40.77657824970839],[-119.19069819845943,40.77633385304738],[-119.1908696225803,40.77609308884023],[-119.19104618705514,40.775856068548094]]},"properties":{"OBJECTID":270,"name":"I","source":"annular","kind":"annular","width_ft":30}},{"type":"Feature","id":271,"geometry":{"type":"LineString","coordinates":[[-119.18992087546147,40.777589873915666],[-119.18868674239144,40.777201041764876]]},"properties":{"OBJECTID":271,"name":"2:15","source":"radial","kind":"path","width_ft":40}},{"type":"Feature","id":272,"geometry":{"type":"LineString","coordinates":[[-119.22584731189909,40.77758987182972],[-119.22644769851023,40.7774007134988]]},"properties":{"OBJECTID":272,"name":"6:45","source":"radial","kind":"path","width_ft":20}},{"type":"Feature","id":273,"geometry":{"type":"LineString","coordinates":[[-119.22472200336026,40.77585606574841],[-119.22489856741377,40.77609308616496],[-119.22506999110807,40.77633385048933],[-119.22523619508291,40.77657824726018],[-119.22539710239452,40.77682616333455],[-119.22555263855119,40.7770774839402],[-119.2257027315478,40.77733209272879],[-119.22584731189909,40.77758987182972]]},"properties":{"OBJECTID":273,"name":"I","source":"annular","kind":"annular","width_ft":30}},{"type":"Feature","id":274,"geometry":{"type":"LineString","coordinates":[[-119.21680703707813,40.77646397510811],[-119.21700936686301,40.77662095044766],[-119.21720794695705,40.77678264319742],[-119.21740266739656,40.77694896382006],[-119.21759342035512,40.77711982021555],[-119.2177801002033,40.777295117772184],[-119.21796260356714,40.777474759418965],[-119.21814082938548,40.77765864567935]]},"properties":{"OBJECTID":274,"name":"C","source":"annular","kind":"annular","width_ft":30}},{"type":"Feature","id":275,"geometry":{"type":"LineString","coordinates":[[-119.2205793168719,40.777674973056705],[-119.22209572509125,40.777009200760226]]},"properties":{"OBJECTID":275,"name":"6:30","source":"radial","kind":"avenue","width_ft":40}},{"type":"Feature","id":276,"geometry":{"type":"LineString","coordinates":[[-119.21824934518517,40.77536729640177],[-119.21841757138436,40.77549726148981],[-119.21858297849711,40.77562930137285],[-119.21874552223834,40.775763380712654],[-119.21890515908858,40.77589946362504],[-119.2190618463055,40.77603751368927],[-119.21921554193541,40.77617749395796],[-119.21936620482457,40.77631936696696],[-119.21951379463007,40.77646309474519],[-119.2196582718308,40.77660863882501],[-119.21979959773783,40.77675596025236],[-119.21993773450502,40.776905019597216],[-119.22007264513891,40.77705577696422],[-119.22020429350897,40.77720819200317],[-119.22033264435687,40.77736222392001],[-119.22045766330626,40.777517831487565],[-119.2205793168719,40.777674973056705]]},"properties":{"OBJECTID":276,"name":"E","source":"annular","kind":"annular","width_ft":40}},{"type":"Feature","id":277,"geometry":{"type":"LineString","coordinates":[[-119.19518887525187,40.77767497606839],[-119.1953105289361,40.77751783457638],[-119.19543554800268,40.777362227087515],[-119.19556389896627,40.77720819525095],[-119.1956955474505,40.77705578029381],[-119.19583045819705,40.776905023010144],[-119.19596859507524,40.7767559637501],[-119.1961099210917,40.77660864240909],[-119.19625439840019,40.7764630984171],[-119.19640198831178,40.776319370728125],[-119.19655265130532,40.77617749780986],[-119.19670634703785,40.776037517633256],[-119.19686303435559,40.77589946766256],[-119.19702267130478,40.775763384845106],[-119.19718521514318,40.775629305601534],[-119.1973506223512,40.77549726581613],[-119.19751884864371,40.775367300827]]},"properties":{"OBJECTID":277,"name":"E","source":"annular","kind":"annular","width_ft":40}},{"type":"Feature","id":278,"geometry":{"type":"LineString","coordinates":[[-119.19518887525187,40.77767497606839],[-119.19367246565633,40.77700920312335]]},"properties":{"OBJECTID":278,"name":"2:30","source":"radial","kind":"avenue","width_ft":40}},{"type":"Feature","id":279,"geometry":{"type":"LineString","coordinates":[[-119.22491336710883,40.7778841136041],[-119.22584731189909,40.77758987182972]]},"properties":{"OBJECTID":279,"name":"6:45","source":"radial","kind":"path","width_ft":20}},{"type":"Feature","id":280,"geometry":{"type":"LineString","coordinates":[[-119.22384658854776,40.776240450149864],[-119.22401396967349,40.77646514763945],[-119.22417647761019,40.77669339437786],[-119.22433403712259,40.776925084695165],[-119.2244865752664,40.777160111327206],[-119.22463402142199,40.77739836546522],[-119.22477630732719,40.77763973680622],[-119.22491336710883,40.7778841136041]]},"properties":{"OBJECTID":280,"name":"H","source":"annular","kind":"annular","width_ft":30}},{"type":"Feature","id":281,"geometry":{"type":"LineString","coordinates":[[-119.19085482389008,40.777884116435864],[-119.19099188395548,40.777639739727604],[-119.19113417014026,40.77739836848101],[-119.19128161657119,40.777160114442076],[-119.191434154986,40.77692508791363],[-119.19159171476502,40.7766933977043],[-119.1917542229639,40.77646515107811],[-119.1919216043473,40.776240453704844]]},"properties":{"OBJECTID":281,"name":"H","source":"annular","kind":"annular","width_ft":30}},{"type":"Feature","id":282,"geometry":{"type":"LineString","coordinates":[[-119.19085482389008,40.777884116435864],[-119.18992087546147,40.777589873915666]]},"properties":{"OBJECTID":282,"name":"2:15","source":"radial","kind":"path","width_ft":40}},{"type":"Feature","id":283,"geometry":{"type":"LineString","coordinates":[[-119.21968822236448,40.77806618931737],[-119.2205793168719,40.777674973056705]]},"properties":{"OBJECTID":283,"name":"6:30","source":"radial","kind":"avenue","width_ft":40}},{"type":"Feature","id":284,"geometry":{"type":"LineString","coordinates":[[-119.21752181120422,40.77592049360673],[-119.21767822879788,40.7760413362257],[-119.21783202511675,40.776164107999755],[-119.21798315898441,40.776288776070324],[-119.21813158993638,40.77641530707115],[-119.21827727823097,40.77654366713721],[-119.21842018485977,40.77667382191374],[-119.21856027155829,40.7768057365654],[-119.21869750081599,40.776939375785666],[-119.21883183588656,40.777074703806214],[-119.21896324079762,40.77721168440648],[-119.21909168036035,40.7773502809234],[-119.21921712017904,40.777490456261134],[-119.21933952666014,40.7776321729011],[-119.21945886702146,40.77777539291188],[-119.21957510930076,40.77792007795942],[-119.21968822236448,40.77806618931737]]},"properties":{"OBJECTID":284,"name":"D","source":"annular","kind":"annular","width_ft":30}},{"type":"Feature","id":285,"geometry":{"type":"LineString","coordinates":[[-119.19607997224107,40.778066193081635],[-119.19619308485679,40.77792008151471],[-119.19630932669284,40.77777539625269],[-119.1964286666157,40.77763217602207],[-119.1965510726633,40.77749045915692],[-119.19667651205359,40.7773502835887],[-119.19680495119304,40.7772116868361],[-119.19693635568612,40.777074705995],[-119.19707069034413,40.77693937772853],[-119.19720791919477,40.77680573825733],[-119.19734800549179,40.77667382334981],[-119.19749091172481,40.77654366831256],[-119.19763659962942,40.77641530798097],[-119.19778503019737,40.7762887767099],[-119.19793616368693,40.77616410836444],[-119.19808995963386,40.77604133631095],[-119.19824637686179,40.77592049340803]]},"properties":{"OBJECTID":285,"name":"D","source":"annular","kind":"annular","width_ft":30}},{"type":"Feature","id":286,"geometry":{"type":"LineString","coordinates":[[-119.19607997224107,40.778066193081635],[-119.19518887525187,40.77767497606839]]},"properties":{"OBJECTID":286,"name":"2:30","source":"radial","kind":"avenue","width_ft":40}},{"type":"Feature","id":287,"geometry":{"type":"LineString","coordinates":[[-119.21732021849961,40.77810752329372],[-119.21809682312464,40.77768271720889],[-119.21814082938548,40.77765864567935]]},"properties":{"OBJECTID":287,"name":"Route 66","source":"center_camp","kind":null,"width_ft":20}},{"type":"Feature","id":288,"geometry":{"type":"LineString","coordinates":[[-119.21609224774862,40.77700745483386],[-119.21627853733324,40.77715198906213],[-119.21646137091932,40.777300871002886],[-119.21664064706091,40.77745401804836],[-119.21681626628592,40.777611345224294],[-119.21698813115131,40.77777276523707],[-119.21715614629717,40.777938188522135],[-119.21732021849961,40.77810752329372]]},"properties":{"OBJECTID":288,"name":"B","source":"annular","kind":"annular","width_ft":30}},{"type":"Feature","id":289,"geometry":{"type":"LineString","coordinates":[[-119.19178877819363,40.778178350483245],[-119.19191831800943,40.777947376341565],[-119.19205279740517,40.777719242805844],[-119.1921921541198,40.777494055496945],[-119.1923363236342,40.77727191867172],[-119.19248523920098,40.777052935174694],[-119.1926388318755,40.77683720639049],[-119.19279703054765,40.77662483219684]]},"properties":{"OBJECTID":289,"name":"G","source":"annular","kind":"annular","width_ft":30}},{"type":"Feature","id":290,"geometry":{"type":"LineString","coordinates":[[-119.19178877819363,40.778178350483245],[-119.19085482389008,40.777884116435864]]},"properties":{"OBJECTID":290,"name":"2:15","source":"radial","kind":"path","width_ft":40}},{"type":"Feature","id":291,"geometry":{"type":"LineString","coordinates":[[-119.22397941052114,40.77817834870756],[-119.22491336710883,40.7778841136041]]},"properties":{"OBJECTID":291,"name":"6:45","source":"radial","kind":"path","width_ft":20}},{"type":"Feature","id":292,"geometry":{"type":"LineString","coordinates":[[-119.22297115416696,40.77662483239045],[-119.22312935337489,40.77683720627802],[-119.22328294659722,40.777052934763766],[-119.2234318627238,40.77727191797033],[-119.22357603280986,40.77749405451347],[-119.22371539010791,40.777719241549036],[-119.22384987009873,40.77794737482057],[-119.22397941052114,40.77817834870756]]},"properties":{"OBJECTID":292,"name":"G","source":"annular","kind":"annular","width_ft":30}},{"type":"Feature","id":293,"geometry":{"type":"LineString","coordinates":[[-119.21537744203069,40.77755093368428],[-119.21429007998785,40.77837764782244]]},"properties":{"OBJECTID":293,"name":"6:00","source":"radial","kind":"avenue","width_ft":40}},{"type":"Feature","id":294,"geometry":{"type":"LineString","coordinates":[[-119.21405459199548,40.77669807516787],[-119.21401523241622,40.77674667141721],[-119.21397862148297,40.77679649378243],[-119.21394482518065,40.776847452475735],[-119.21391390442218,40.77689945566126],[-119.2138859149388,40.776952409620584],[-119.21386090717927,40.77700621892157],[-119.21383892621928,40.777060786590425],[-119.21382001167991,40.77711601428638],[-119.21380419765637,40.777171802479],[-119.21379151265624,40.77722805062736],[-119.2137819795483,40.77728465736146],[-119.21377561552117,40.77734152066477],[-119.21377243205221,40.7773985380581],[-119.21377243488685,40.777455606784336],[-119.21377562402814,40.77751262399353],[-119.21378199373676,40.77756948692838],[-119.21379153254115,40.777626093109326],[-119.21380422325834,40.7776823405193],[-119.21382004302461,40.77773812778752],[-119.21383896333695,40.77779335437231],[-119.21386095010398,40.77784792074216],[-119.21388596370777,40.777901728555236],[-119.21391395907476,40.77795468083651],[-119.21394488575739,40.778006682152686],[-119.2139786880246,40.778057638784084],[-119.21401530496239,40.77810745889361],[-119.21405467058364,40.77815605269227],[-119.21409671394682,40.77820333260102],[-119.21414135928393,40.778249213408635],[-119.21418852613705,40.77829361242525],[-119.21423812950326,40.77833644963143],[-119.21429007998785,40.77837764782244]]},"properties":{"OBJECTID":294,"name":"Route 66","source":"center_camp","kind":null,"width_ft":20}},{"type":"Feature","id":295,"geometry":{"type":"LineString","coordinates":[[-119.20150126730458,40.7783952540116],[-119.20169561450128,40.77825269029904],[-119.20189363293728,40.77811527143568],[-119.20209518645109,40.77798309191353],[-119.20230013645042,40.777856242621915],[-119.20250834200746,40.77773481078499],[-119.20271965995585,40.777618879901745],[-119.20293394498908,40.77750852968862],[-119.20315104976041,40.777403836024654],[-119.20337082498416,40.77730487089935]]},"properties":{"OBJECTID":295,"name":"ESP","source":"annular","kind":"annular","width_ft":40}},{"type":"Feature","id":296,"geometry":{"type":"LineString","coordinates":[[-119.20150126730458,40.7783952540116],[-119.20039074887349,40.77755093493033]]},"properties":{"OBJECTID":296,"name":"3:00","source":"radial","kind":"avenue","width_ft":40}},{"type":"Feature","id":297,"geometry":{"type":"LineString","coordinates":[[-119.21881274596528,40.77845053719518],[-119.21968822236448,40.77806618931737]]},"properties":{"OBJECTID":297,"name":"6:30","source":"radial","kind":"avenue","width_ft":40}},{"type":"Feature","id":298,"geometry":{"type":"LineString","coordinates":[[-119.21814082938548,40.77765864567935],[-119.21831665106862,40.777849843654096],[-119.21848732430469,40.77804565115215],[-119.21865272829375,40.778245929583875],[-119.21881274596528,40.77845053719518]]},"properties":{"OBJECTID":298,"name":"C","source":"annular","kind":"annular","width_ft":30}},{"type":"Feature","id":299,"geometry":{"type":"LineString","coordinates":[[-119.19695544519749,40.77845053901253],[-119.19706016711697,40.778315264203066],[-119.19716778622167,40.778181309895935],[-119.19727827368847,40.77804871194606],[-119.19739159992702,40.777917505844975],[-119.1975077345876,40.777787726711544],[-119.1976266465694,40.77765940928248],[-119.19774830402875,40.777532587902996],[-119.19787267438771,40.7774072965178],[-119.19799972434282,40.77728356866178],[-119.19812941987387,40.77716143745123],[-119.19826172625324,40.777040935574874],[-119.19839660805494,40.776922095285215],[-119.19853402916443,40.776804948389795],[-119.19867395278796,40.77668952624278],[-119.19881634146272,40.77657585973659],[-119.19896115706653,40.77646397929354]]},"properties":{"OBJECTID":299,"name":"C","source":"annular","kind":"annular","width_ft":30}},{"type":"Feature","id":300,"geometry":{"type":"LineString","coordinates":[[-119.19695544519749,40.77845053901253],[-119.19607997224107,40.778066193081635]]},"properties":{"OBJECTID":300,"name":"2:30","source":"radial","kind":"avenue","width_ft":40}},{"type":"Feature","id":301,"geometry":{"type":"LineString","coordinates":[[-119.22304545635058,40.778472573535964],[-119.22397941052114,40.77817834870756]]},"properties":{"OBJECTID":301,"name":"6:45","source":"radial","kind":"path","width_ft":20}},{"type":"Feature","id":302,"geometry":{"type":"LineString","coordinates":[[-119.22209572509125,40.777009200760226],[-119.22224474200978,40.77720925158036],[-119.2223894201323,40.77741246234166],[-119.22252969247388,40.77761873895893],[-119.22266549408937,40.777827985927544],[-119.22279676210357,40.778040106367605],[-119.22292343574031,40.77825500206882],[-119.22304545635058,40.778472573535964]]},"properties":{"OBJECTID":302,"name":"F","source":"annular","kind":"annular","width_ft":30}},{"type":"Feature","id":303,"geometry":{"type":"LineString","coordinates":[[-119.19272273481796,40.77847257605718],[-119.19284475536448,40.77825500457003],[-119.19297142893865,40.778040108847875],[-119.1931026968915,40.777827988385994],[-119.19323849844685,40.77761874139471],[-119.19337877072948,40.777412464753965],[-119.1935234487943,40.77720925396844],[-119.19367246565633,40.77700920312335]]},"properties":{"OBJECTID":303,"name":"F","source":"annular","kind":"annular","width_ft":30}},{"type":"Feature","id":304,"geometry":{"type":"LineString","coordinates":[[-119.19272273481796,40.77847257605718],[-119.19178877819363,40.778178350483245]]},"properties":{"OBJECTID":304,"name":"2:15","source":"radial","kind":"path","width_ft":40}},{"type":"Feature","id":305,"geometry":{"type":"LineString","coordinates":[[-119.21649959656584,40.778556395939376],[-119.21732021849961,40.77810752329372]]},"properties":{"OBJECTID":305,"name":"Route 66","source":"center_camp","kind":null,"width_ft":20}},{"type":"Feature","id":306,"geometry":{"type":"LineString","coordinates":[[-119.21537744203069,40.77755093368428],[-119.21557576221889,40.7777054303757],[-119.21576975700832,40.777865324548145],[-119.21595927954682,40.77803049516329],[-119.21614418636767,40.77820081718862],[-119.21632433749822,40.778376161692],[-119.21649959656584,40.778556395939376]]},"properties":{"OBJECTID":306,"name":"A","source":"annular","kind":"annular","width_ft":30}},{"type":"Feature","id":307,"geometry":{"type":"LineString","coordinates":[[-119.21429007998785,40.77837764782244],[-119.21434428378585,40.77841713294172],[-119.21440064340179,40.778454833636154],[-119.21445905726254,40.77849068195796],[-119.2145194200921,40.77852461329779],[-119.21458162310138,40.7785565665012],[-119.2146455541842,40.778586483978835],[-119.21471109811941,40.778614311810244],[-119.2147781367785,40.77863999984115],[-119.21484654933867,40.77866350177373],[-119.21491621250046,40.7786847752502],[-119.21498700071004,40.778703781929075],[-119.21505878638554,40.77872048755432],[-119.21513144014712,40.778734862017124],[-119.21520483104999,40.77874687941011],[-119.2152788268206,40.77875651807412],[-119.21535329409508,40.77876376063722],[-119.21542809865961,40.77876859404597],[-119.21550310569222,40.778771009589015],[-119.21557818000612,40.77877100291277],[-119.21565318629318,40.778768574029264],[-119.2157279893679,40.77876372731617],[-119.21580245441106,40.77875647150876],[-119.21587644721285,40.77874681968436],[-119.21594983441473,40.77873478923864],[-119.21602248374981,40.77872040185428],[-119.21609426428131,40.778703683461956],[-119.21616504663865,40.778684664193484],[-119.21623470325052,40.778663378327586],[-119.21630310857488,40.77863986422806],[-119.21637013932535,40.77861416427465],[-119.21643567469334,40.778586324786666],[-119.21649959656584,40.778556395939376]]},"properties":{"OBJECTID":307,"name":"Route 66","source":"center_camp","kind":null,"width_ft":20}},{"type":"Feature","id":308,"geometry":{"type":"LineString","coordinates":[[-119.21793725947329,40.77883487840683],[-119.21881274596528,40.77845053719518]]},"properties":{"OBJECTID":308,"name":"6:30","source":"radial","kind":"avenue","width_ft":40}},{"type":"Feature","id":309,"geometry":{"type":"LineString","coordinates":[[-119.21732021849961,40.77810752329372],[-119.2174816714216,40.77828314989886],[-119.21763840238899,40.77846300304538],[-119.21779030080256,40.778646955817585],[-119.21793725947329,40.77883487840683]]},"properties":{"OBJECTID":309,"name":"B","source":"annular","kind":"annular","width_ft":30}},{"type":"Feature","id":310,"geometry":{"type":"LineString","coordinates":[[-119.19783093298479,40.77883488007874],[-119.19792726391687,40.77871044197046],[-119.19802625999176,40.778587218558165],[-119.19812789469655,40.77846524282496],[-119.19823214081262,40.77834454741988],[-119.19833897042268,40.77822516464907],[-119.19844835491847,40.778107126467106],[-119.19856026500828,40.777990464468594],[-119.1986746707249,40.7778752098795],[-119.19879154143362,40.77776139354904],[-119.19891084584043,40.777649045941246],[-119.1990325520004,40.77753819712688],[-119.19915662732618,40.77742887677542],[-119.19928303859687,40.77732111414704],[-119.19941175196679,40.777214938084924],[-119.1995427329746,40.77711037700742],[-119.19967594655256,40.777007458900485]]},"properties":{"OBJECTID":310,"name":"B","source":"annular","kind":"annular","width_ft":30}},{"type":"Feature","id":311,"geometry":{"type":"LineString","coordinates":[[-119.19783093298479,40.77883488007874],[-119.19695544519749,40.77845053901253]]},"properties":{"OBJECTID":311,"name":"2:30","source":"radial","kind":"avenue","width_ft":40}},{"type":"Feature","id":312,"geometry":{"type":"LineString","coordinates":[[-119.21429007998785,40.77837764782244],[-119.21355895632217,40.778933498938194]]},"properties":{"OBJECTID":312,"name":"6:00","source":"radial","kind":"avenue","width_ft":40}},{"type":"Feature","id":313,"geometry":{"type":"LineString","coordinates":[[-119.21355895632217,40.778933498938194],[-119.2134659911999,40.77885936304748],[-119.21337781365935,40.778781921140826],[-119.21329462688726,40.7787013516817],[-119.21321662256702,40.77861784034032],[-119.21314398043725,40.778531579565694],[-119.21307686787759,40.778442768142064],[-119.21301543952315,40.77835161073071],[-119.21295983690824,40.77825831739833],[-119.21291018814057,40.77816310313275],[-119.21286660760602,40.77806618734761],[-119.21282919570538,40.77796779337661],[-119.21279803862319,40.77786814795877],[-119.21277320812932,40.77776748071596],[-119.21275476141393,40.777666023623674],[-119.21274274095582,40.77756401047652],[-119.21273717442497,40.77746167634933]]},"properties":{"OBJECTID":313,"name":"Rods Road","source":"center_camp","kind":"center_camp","width_ft":40}},{"type":"Feature","id":314,"geometry":{"type":"LineString","coordinates":[[-119.22708144841053,40.777201038572684],[-119.22722535712904,40.77747158876103],[-119.2273630427009,40.77774535838494],[-119.22749443314751,40.77802220432444],[-119.22761945978121,40.778301981851314],[-119.22773805724115,40.7785845447048],[-119.22785016352752,40.77886974516804],[-119.22795572003393,40.77915743414529]]},"properties":{"OBJECTID":314,"name":"K","source":"annular","kind":"annular","width_ft":50}},{"type":"Feature","id":315,"geometry":{"type":"LineString","coordinates":[[-119.18781247133086,40.77915743748315],[-119.18791802775367,40.77886974848988],[-119.18803013395745,40.77858454800896],[-119.18814873133586,40.77830198513617],[-119.18827375788908,40.77802220758841],[-119.18840514825634,40.77774536162648],[-119.18854283374999,40.777471591978625],[-119.18868674239144,40.777201041764876]]},"properties":{"OBJECTID":315,"name":"K","source":"annular","kind":"annular","width_ft":50}},{"type":"Feature","id":316,"geometry":{"type":"LineString","coordinates":[[-119.21706176762646,40.7792192093497],[-119.21793725947329,40.77883487840683]]},"properties":{"OBJECTID":316,"name":"6:30","source":"radial","kind":"avenue","width_ft":40}},{"type":"Feature","id":317,"geometry":{"type":"LineString","coordinates":[[-119.21649959656584,40.778556395939376],[-119.21664668207073,40.77871644981174],[-119.21678947216694,40.77888034726819],[-119.21692786645505,40.779047973068195],[-119.21706176762646,40.7792192093497]]},"properties":{"OBJECTID":317,"name":"A","source":"annular","kind":"annular","width_ft":30}},{"type":"Feature","id":318,"geometry":{"type":"LineString","coordinates":[[-119.19870642612666,40.779219212677084],[-119.19879436664966,40.779105611527626],[-119.19888474025937,40.77899311927494],[-119.19897752275308,40.77888176603034],[-119.19907268928335,40.77877158160006],[-119.19917021436515,40.778662595477364],[-119.19927007188242,40.778554836834594],[-119.1993722350953,40.778448334515424],[-119.19947667664704,40.7783431170271],[-119.19958336857145,40.77823921253281],[-119.19969228230048,40.77813664884419],[-119.1998033886717,40.77803545341388],[-119.19991665793621,40.77793565332809],[-119.20003205976668,40.77783727529954],[-119.20014956326528,40.77774034566008],[-119.20026913697207,40.77764489035389],[-119.20039074887349,40.77755093493033]]},"properties":{"OBJECTID":318,"name":"A","source":"annular","kind":"annular","width_ft":30}},{"type":"Feature","id":319,"geometry":{"type":"LineString","coordinates":[[-119.19870642612666,40.779219212677084],[-119.19783093298479,40.77883488007874]]},"properties":{"OBJECTID":319,"name":"2:30","source":"radial","kind":"avenue","width_ft":40}},{"type":"Feature","id":320,"geometry":{"type":"LineString","coordinates":[[-119.22729308862635,40.77929252323023],[-119.22795572003393,40.77915743414529]]},"properties":{"OBJECTID":320,"name":"7:00","source":"radial","kind":"avenue","width_ft":40}},{"type":"Feature","id":321,"geometry":{"type":"LineString","coordinates":[[-119.22644769851023,40.7774007134988],[-119.22658685381893,40.77766233220581],[-119.22671999136276,40.77792706403658],[-119.2268470415393,40.77819477059316],[-119.2269679379286,40.778465311922446],[-119.22708261732778,40.77873854658936],[-119.22719101978412,40.77901433175078],[-119.22729308862635,40.77929252323023]]},"properties":{"OBJECTID":321,"name":"J","source":"annular","kind":"annular","width_ft":30}},{"type":"Feature","id":322,"geometry":{"type":"LineString","coordinates":[[-119.21706176762646,40.7792192093497],[-119.21694662068157,40.77927257378775],[-119.21682940045638,40.779321215343785]]},"properties":{"OBJECTID":322,"name":"Rods Road","source":"center_camp","kind":"center_camp","width_ft":40}},{"type":"Feature","id":323,"geometry":{"type":"LineString","coordinates":[[-119.21682940045638,40.779321215343785],[-119.21706176762646,40.7792192093497]]},"properties":{"OBJECTID":323,"name":"6:30","source":"radial","kind":"avenue","width_ft":40}},{"type":"Feature","id":324,"geometry":{"type":"LineString","coordinates":[[-119.18910284110048,40.77942049742137],[-119.18920160667014,40.7791513034742],[-119.18930650105898,40.77888443799098],[-119.18941746942878,40.7786200404875],[-119.1895344537659,40.7783582491893],[-119.18965739291158,40.778099200959424],[-119.18978622259391,40.777843031226844],[-119.18992087546147,40.777589873915666]]},"properties":{"OBJECTID":324,"name":"I","source":"annular","kind":"annular","width_ft":30}},{"type":"Feature","id":325,"geometry":{"type":"LineString","coordinates":[[-119.18910284110048,40.77942049742137],[-119.18781247133086,40.77915743748315]]},"properties":{"OBJECTID":325,"name":"2:00","source":"radial","kind":"avenue","width_ft":40}},{"type":"Feature","id":326,"geometry":{"type":"LineString","coordinates":[[-119.22666534441767,40.779420496100016],[-119.22729308862635,40.77929252323023]]},"properties":{"OBJECTID":326,"name":"7:00","source":"radial","kind":"avenue","width_ft":40}},{"type":"Feature","id":327,"geometry":{"type":"LineString","coordinates":[[-119.22584731189909,40.77758987182972],[-119.22598196452402,40.777843029261746],[-119.22611079395682,40.778099199111736],[-119.22623373284607,40.77835824745531],[-119.22635071691988,40.778620038863245],[-119.22646168501957,40.77888443647225],[-119.22656657913156,40.77915130205652],[-119.22666534441767,40.779420496100016]]},"properties":{"OBJECTID":327,"name":"I","source":"annular","kind":"annular","width_ft":30}},{"type":"Feature","id":328,"geometry":{"type":"LineString","coordinates":[[-119.21549527273054,40.779557992704895],[-119.21536064924737,40.77955377559946],[-119.21522644713704,40.77954465219065],[-119.2150929756757,40.77953064350384],[-119.21496054245513,40.77951178182284],[-119.21482945267384,40.779488110615326],[-119.21470000843335,40.779459684432766],[-119.21457250804198,40.77942656878457],[-119.21444724532711,40.77938883998725],[-119.21432450895782,40.77934658498828],[-119.21420458177973,40.77929990116578],[-119.21408774016277,40.77924889610408],[-119.21397425336438,40.779193687345696],[-119.21386438290881,40.779134402120306],[-119.21375838198438,40.7790711770516],[-119.21365649486,40.779004157842266],[-119.21355895632217,40.778933498938194]]},"properties":{"OBJECTID":328,"name":"Rods Road","source":"center_camp","kind":"center_camp","width_ft":40}},{"type":"Feature","id":329,"geometry":{"type":"LineString","coordinates":[[-119.21682940045638,40.779321215343785],[-119.21668695701048,40.77937275037846],[-119.21654243565389,40.77941813289238],[-119.21639610199475,40.77945727947945],[-119.21624822497189,40.77949011819423],[-119.21609907636063,40.7795165886842],[-119.2159489302733,40.779536642300656],[-119.21579806265537,40.77955024218811],[-119.21564675077843,40.77955736335206],[-119.21549527273054,40.779557992704895]]},"properties":{"OBJECTID":329,"name":"Rods Road","source":"center_camp","kind":"center_camp","width_ft":40}},{"type":"Feature","id":330,"geometry":{"type":"LineString","coordinates":[[-119.19007934378513,40.779619559576766],[-119.1901729708452,40.77936436206275],[-119.19027240814188,40.779111371901756],[-119.19037760368853,40.778860721359166],[-119.19048850248801,40.77861254147721],[-119.19060504656152,40.77836696200643],[-119.19072717497879,40.77812411133785],[-119.19085482389008,40.777884116435864]]},"properties":{"OBJECTID":330,"name":"H","source":"annular","kind":"annular","width_ft":30}},{"type":"Feature","id":331,"geometry":{"type":"LineString","coordinates":[[-119.19007934378513,40.779619559576766],[-119.18910284110048,40.77942049742137]]},"properties":{"OBJECTID":331,"name":"2:00","source":"radial","kind":"avenue","width_ft":40}},{"type":"Feature","id":332,"geometry":{"type":"LineString","coordinates":[[-119.22568884652891,40.779619558417025],[-119.22666534441767,40.779420496100016]]},"properties":{"OBJECTID":332,"name":"7:00","source":"radial","kind":"avenue","width_ft":40}},{"type":"Feature","id":333,"geometry":{"type":"LineString","coordinates":[[-119.22491336710883,40.7778841136041],[-119.22504101595713,40.778124108742304],[-119.22516314429996,40.77836695964866],[-119.22527968828743,40.77861253935836],[-119.22539058698922,40.778860719479994],[-119.22549578242645,40.779111370262605],[-119.22559521960191,40.77936436066355],[-119.22568884652891,40.779619558417025]]},"properties":{"OBJECTID":333,"name":"H","source":"annular","kind":"annular","width_ft":30}},{"type":"Feature","id":334,"geometry":{"type":"LineString","coordinates":[[-119.21570160438434,40.77981628589501],[-119.21682940045638,40.779321215343785]]},"properties":{"OBJECTID":334,"name":"6:30","source":"radial","kind":"avenue","width_ft":40}},{"type":"Feature","id":335,"geometry":{"type":"LineString","coordinates":[[-119.21549527273054,40.779557992704895],[-119.21560000149981,40.7796858907789],[-119.21570160438434,40.77981628589501]]},"properties":{"OBJECTID":335,"name":"ESP","source":"annular","kind":"annular","width_ft":40}},{"type":"Feature","id":336,"geometry":{"type":"LineString","coordinates":[[-119.20006658717176,40.779816287195075],[-119.20014149289523,40.7797195222619],[-119.2002184711682,40.779623701862306],[-119.2002975013762,40.77952885164568],[-119.20037856235568,40.779434997001594],[-119.20046163239982,40.77934216305299],[-119.20054668926424,40.779250374649486],[-119.20063371017308,40.77915965636077],[-119.20072267182499,40.779070032469946],[-119.20081355039946,40.77898152696712],[-119.20090632156307,40.7788941635429],[-119.20100096047622,40.778807965582104],[-119.20109744179953,40.77872295615752],[-119.20119573970089,40.77863915802368],[-119.2012958278622,40.778556593610844],[-119.20139767948632,40.77847528501892],[-119.20150126730458,40.7783952540116]]},"properties":{"OBJECTID":336,"name":"ESP","source":"annular","kind":"annular","width_ft":40}},{"type":"Feature","id":337,"geometry":{"type":"LineString","coordinates":[[-119.20006658717176,40.779816287195075],[-119.19870642612666,40.779219212677084]]},"properties":{"OBJECTID":337,"name":"2:30","source":"radial","kind":"avenue","width_ft":40}},{"type":"Feature","id":338,"geometry":{"type":"LineString","coordinates":[[-119.1910558511178,40.77981861436377],[-119.19114433984079,40.77957741311666],[-119.19123832021884,40.77933829811453],[-119.19133774311679,40.77910139437233],[-119.19144255655398,40.77886682574893],[-119.19155270573151,40.77863471488232],[-119.19166813306076,40.778405183125564],[-119.19178877819363,40.778178350483245]]},"properties":{"OBJECTID":338,"name":"G","source":"annular","kind":"annular","width_ft":30}},{"type":"Feature","id":339,"geometry":{"type":"LineString","coordinates":[[-119.1910558511178,40.77981861436377],[-119.19007934378513,40.779619559576766]]},"properties":{"OBJECTID":339,"name":"2:00","source":"radial","kind":"avenue","width_ft":40}},{"type":"Feature","id":340,"geometry":{"type":"LineString","coordinates":[[-119.22471233214615,40.77981861426789],[-119.22568884652891,40.779619558417025]]},"properties":{"OBJECTID":340,"name":"7:00","source":"radial","kind":"avenue","width_ft":40}},{"type":"Feature","id":341,"geometry":{"type":"LineString","coordinates":[[-119.22397941052114,40.77817834870756],[-119.22410005491463,40.778405181632195],[-119.224215481491,40.778634713657944],[-119.22432562990237,40.778866824779726],[-119.22443044256036,40.77910139364403],[-119.22452986466632,40.779338297612384],[-119.22462384423987,40.77957741282548],[-119.22471233214615,40.77981861426789]]},"properties":{"OBJECTID":341,"name":"G","source":"annular","kind":"annular","width_ft":30}},{"type":"Feature","id":342,"geometry":{"type":"LineString","coordinates":[[-119.19203236546782,40.78001765998152],[-119.19211571521642,40.77979045515704],[-119.19220423802643,40.779565215451484],[-119.19229788761473,40.7793420586289],[-119.19239661501766,40.779121101364325],[-119.19250036861669,40.7789024591828],[-119.19260909416545,40.77868624639895],[-119.19272273481796,40.77847257605718]]},"properties":{"OBJECTID":342,"name":"F","source":"annular","kind":"annular","width_ft":30}},{"type":"Feature","id":343,"geometry":{"type":"LineString","coordinates":[[-119.19203236546782,40.78001765998152],[-119.1910558511178,40.77981861436377]]},"properties":{"OBJECTID":343,"name":"2:00","source":"radial","kind":"avenue","width_ft":40}},{"type":"Feature","id":344,"geometry":{"type":"LineString","coordinates":[[-119.22373582259182,40.780017659146786],[-119.22471233214615,40.77981861426789]]},"properties":{"OBJECTID":344,"name":"7:00","source":"radial","kind":"avenue","width_ft":40}},{"type":"Feature","id":345,"geometry":{"type":"LineString","coordinates":[[-119.22304545635058,40.778472573535964],[-119.22315909659528,40.778686244139344],[-119.22326782172397,40.778902457178624],[-119.22337157489076,40.77912109960896],[-119.22347030184937,40.77934205711531],[-119.22356395098134,40.7795652141722],[-119.22365247332317,40.779790454104194],[-119.22373582259182,40.780017659146786]]},"properties":{"OBJECTID":345,"name":"F","source":"annular","kind":"annular","width_ft":30}},{"type":"Feature","id":346,"geometry":{"type":"LineString","coordinates":[[-119.19372384128559,40.780362416663785],[-119.19378785443449,40.780186695541715],[-119.19385564096397,40.780011794048875],[-119.19392718269887,40.77983775900402],[-119.19400246045927,40.77966463699365],[-119.19408145406575,40.779492474359486],[-119.19416414234458,40.77932131718607],[-119.19425050313352,40.779151211288465],[-119.19434051328801,40.77898220219997],[-119.19443414868695,40.77881433515998],[-119.19453138423957,40.778647655101864],[-119.19463219389196,40.77848220664087],[-119.19473655063415,40.77831803406231],[-119.19484442650733,40.77815518130971],[-119.1949557926114,40.777993691972895],[-119.19507061911264,40.777833609276506],[-119.19518887525187,40.77767497606839]]},"properties":{"OBJECTID":346,"name":"E","source":"annular","kind":"annular","width_ft":40}},{"type":"Feature","id":347,"geometry":{"type":"LineString","coordinates":[[-119.19372384128559,40.780362416663785],[-119.19203236546782,40.78001765998152]]},"properties":{"OBJECTID":347,"name":"2:00","source":"radial","kind":"avenue","width_ft":40}},{"type":"Feature","id":348,"geometry":{"type":"LineString","coordinates":[[-119.22204434687346,40.78036241611028],[-119.22373582259182,40.780017659146786]]},"properties":{"OBJECTID":348,"name":"7:00","source":"radial","kind":"avenue","width_ft":40}},{"type":"Feature","id":349,"geometry":{"type":"LineString","coordinates":[[-119.2205793168719,40.777674973056705],[-119.22069757280296,40.77783360643562],[-119.2208123990906,40.777993689300914],[-119.22092376497567,40.77815517880466],[-119.22103164062445,40.778318031722165],[-119.22113599713688,40.77848220446348],[-119.2212368065542,40.77864765308498],[-119.22133404186646,40.77881433330133],[-119.22142767701979,40.77898220049713],[-119.22151768692343,40.779151209738934],[-119.22160404745638,40.77932131578727],[-119.2216867354741,40.77949247310875],[-119.22176572881435,40.77966463588821],[-119.22184100630356,40.77983775804105],[-119.22191254776222,40.7800117932254],[-119.22198033401055,40.780186694854784],[-119.22204434687346,40.78036241611028]]},"properties":{"OBJECTID":349,"name":"E","source":"annular","kind":"annular","width_ft":40}},{"type":"Feature","id":350,"geometry":{"type":"LineString","coordinates":[[-119.19471780881678,40.780564994142836],[-119.19477732617787,40.78040160762957],[-119.19484035208399,40.78023898318249],[-119.19490686963825,40.780077164334365],[-119.19497686100938,40.77991619440201],[-119.1950503074367,40.77975611647475],[-119.19512718923507,40.77959697340277],[-119.19520748580013,40.77943880778571],[-119.19529117561402,40.77928166196125],[-119.19537823625095,40.77912557799386],[-119.19546864438337,40.77897059766341],[-119.19556237578813,40.77881676245414],[-119.19565940535317,40.778664113543414],[-119.19575970708404,40.778512691790844],[-119.19586325411096,40.778362537727254],[-119.19597001869614,40.77821369154387],[-119.19607997224107,40.778066193081635]]},"properties":{"OBJECTID":350,"name":"D","source":"annular","kind":"annular","width_ft":30}},{"type":"Feature","id":351,"geometry":{"type":"LineString","coordinates":[[-119.19471780881678,40.780564994142836],[-119.19372384128559,40.780362416663785]]},"properties":{"OBJECTID":351,"name":"2:00","source":"radial","kind":"avenue","width_ft":40}},{"type":"Feature","id":352,"geometry":{"type":"LineString","coordinates":[[-119.22105037821603,40.780564993754695],[-119.22204434687346,40.78036241611028]]},"properties":{"OBJECTID":352,"name":"7:00","source":"radial","kind":"avenue","width_ft":40}},{"type":"Feature","id":353,"geometry":{"type":"LineString","coordinates":[[-119.21968822236448,40.77806618931737],[-119.2197981754823,40.77821368802999],[-119.21990493963371,40.778362534458914],[-119.22000848622037,40.77851268876319],[-119.22010878750453,40.77866411075142],[-119.22020581661651,40.778816759892706],[-119.220299547562,40.77897059532733],[-119.22038995522898,40.77912557587785],[-119.22047701539444,40.779281660059944],[-119.2205607047309,40.779438806093616],[-119.22064100081278,40.77959697191436],[-119.2207178821222,40.779756115184355],[-119.22079132805504,40.779916193303876],[-119.22086131892618,40.78007716342266],[-119.22092783597508,40.78023898245132],[-119.22099086137065,40.78040160707297],[-119.22105037821603,40.780564993754695]]},"properties":{"OBJECTID":353,"name":"D","source":"annular","kind":"annular","width_ft":30}},{"type":"Feature","id":354,"geometry":{"type":"LineString","coordinates":[[-119.19569434503576,40.78076400965105],[-119.19574944568359,40.780612741354545],[-119.19580779468286,40.78046217857365],[-119.1958693763921,40.78031236161273],[-119.1959341743048,40.78016333057635],[-119.19600217105382,40.78001512535831],[-119.19607334841616,40.77986778563117],[-119.19614768731773,40.779721350835466],[-119.19622516783858,40.77957586016936],[-119.19630576921813,40.77943135257793],[-119.1963894698609,40.7792878667429],[-119.19647624734225,40.77914544107223],[-119.19656607841424,40.77900411368986],[-119.19665893901218,40.77886392242552],[-119.19675480426086,40.77872490480459],[-119.19685364848125,40.77858709803803],[-119.19695544519749,40.77845053901253]]},"properties":{"OBJECTID":354,"name":"C","source":"annular","kind":"annular","width_ft":30}},{"type":"Feature","id":355,"geometry":{"type":"LineString","coordinates":[[-119.19569434503576,40.78076400965105],[-119.19471780881678,40.780564994142836]]},"properties":{"OBJECTID":355,"name":"2:00","source":"radial","kind":"avenue","width_ft":40}},{"type":"Feature","id":356,"geometry":{"type":"LineString","coordinates":[[-119.22007384205423,40.78076400852479],[-119.22105037821603,40.780564993754695]]},"properties":{"OBJECTID":356,"name":"7:00","source":"radial","kind":"avenue","width_ft":40}},{"type":"Feature","id":357,"geometry":{"type":"LineString","coordinates":[[-119.21881274596528,40.77845053719518],[-119.21891454243405,40.77858709628784],[-119.21901338640575,40.778724903118416],[-119.21910925140448,40.77886392080021],[-119.21920211175134,40.77900411212224],[-119.21929194257123,40.779145439559095],[-119.21937871979942,40.779287865281056],[-119.21946242018814,40.779431351164206],[-119.2195430213128,40.77957585880052],[-119.21962050157796,40.7797213495083],[-119.21969484022316,40.779867784342436],[-119.21976601732848,40.78001512410475],[-119.2198340138199,40.78016332935475],[-119.2198988114745,40.780312360419856],[-119.2199603929252,40.78046217740622],[-119.22001874166558,40.78061274020933],[-119.22007384205423,40.78076400852479]]},"properties":{"OBJECTID":357,"name":"C","source":"annular","kind":"annular","width_ft":30}},{"type":"Feature","id":358,"geometry":{"type":"LineString","coordinates":[[-119.19667088708592,40.780963015989],[-119.19672157167643,40.78082386612522],[-119.19677524441411,40.780685365234284],[-119.19683189091255,40.78054755039209],[-119.19689149598952,40.78041045849068],[-119.19695404367113,40.78027412622826],[-119.19701951719601,40.78013859009959],[-119.19708789902,40.780003886386],[-119.19715917082067,40.7798700511458],[-119.19723331350235,40.779737120204636],[-119.19731030720129,40.77960512914586],[-119.19739013129083,40.779474113300985],[-119.1974727643871,40.779344107740336],[-119.19755818435469,40.779215147263585],[-119.19764636831268,40.77908726639042],[-119.19773729264054,40.7789604993514],[-119.19783093298479,40.77883488007874]]},"properties":{"OBJECTID":358,"name":"B","source":"annular","kind":"annular","width_ft":30}},{"type":"Feature","id":359,"geometry":{"type":"LineString","coordinates":[[-119.19667088708592,40.780963015989],[-119.19569434503576,40.78076400965105]]},"properties":{"OBJECTID":359,"name":"2:00","source":"radial","kind":"avenue","width_ft":40}},{"type":"Feature","id":360,"geometry":{"type":"LineString","coordinates":[[-119.2190973012461,40.78096301502497],[-119.22007384205423,40.78076400852479]]},"properties":{"OBJECTID":360,"name":"7:00","source":"radial","kind":"avenue","width_ft":40}},{"type":"Feature","id":361,"geometry":{"type":"LineString","coordinates":[[-119.21793725947329,40.77883487840683],[-119.21803089956683,40.778960497748066],[-119.21812182364272,40.77908726485246],[-119.21821000734742,40.77921514578778],[-119.2182954270607,40.77934410632347],[-119.21837805990151,40.77947411193983],[-119.21845788373459,40.779605127837165],[-119.21853487717614,40.779737118945164],[-119.2186090195996,40.779870049932285],[-119.21868029114127,40.780003885215166],[-119.2187486727055,40.78013858896819],[-119.21881414597001,40.78027412513298],[-119.21887669339064,40.78041045742823],[-119.21893629820616,40.780547549359206],[-119.2189929444427,40.78068536422765],[-119.21904661691812,40.78082386514155],[-119.2190973012461,40.78096301502497]]},"properties":{"OBJECTID":361,"name":"B","source":"annular","kind":"annular","width_ft":30}},{"type":"Feature","id":362,"geometry":{"type":"LineString","coordinates":[[-119.21812075460724,40.78116201325529],[-119.2190973012461,40.78096301502497]]},"properties":{"OBJECTID":362,"name":"7:00","source":"radial","kind":"avenue","width_ft":40}},{"type":"Feature","id":363,"geometry":{"type":"LineString","coordinates":[[-119.21706176762646,40.7792192093497],[-119.21714725129128,40.779333889064795],[-119.217230255422,40.77944961656815],[-119.21731075778732,40.77956636088199],[-119.21738873682523,40.77968409075627],[-119.21746417164887,40.77980277467694],[-119.21753704205204,40.7799223808744],[-119.21760732851473,40.78004287733202],[-119.21767501220828,40.78016423179471],[-119.21774007500039,40.78028641177747],[-119.21780249946016,40.780409384574156],[-119.21786226886258,40.780533117266266],[-119.21791936719308,40.78065757673164],[-119.21797377915195,40.780782729653446],[-119.21802549015823,40.78090854252898],[-119.21807448635386,40.78103498167874],[-119.21812075460724,40.78116201325529]]},"properties":{"OBJECTID":363,"name":"A","source":"annular","kind":"annular","width_ft":30}},{"type":"Feature","id":364,"geometry":{"type":"LineString","coordinates":[[-119.19764743378198,40.781162014957445],[-119.19769370238426,40.781034983450404],[-119.19774269892741,40.78090854437455],[-119.19779441027974,40.78078273157726],[-119.19784882258304,40.78065757873803],[-119.19790592125636,40.780533119359525],[-119.19796569099978,40.78040938675861],[-119.19802811579873,40.780286414057365],[-119.19809317892806,40.78016423417433],[-119.19816086295678,40.78004287981561],[-119.19823114975254,40.77992238346611],[-119.19830402048656,40.77980277738097],[-119.19837945563873,40.77968409357678],[-119.19845743500275,40.7795663638231],[-119.1985379376917,40.77944961963397],[-119.19862094214348,40.779333892259395],[-119.19870642612666,40.779219212677084]]},"properties":{"OBJECTID":364,"name":"A","source":"annular","kind":"annular","width_ft":30}},{"type":"Feature","id":365,"geometry":{"type":"LineString","coordinates":[[-119.19764743378198,40.781162014957445],[-119.19667088708592,40.780963015989]]},"properties":{"OBJECTID":365,"name":"2:00","source":"radial","kind":"avenue","width_ft":40}},{"type":"Feature","id":366,"geometry":{"type":"LineString","coordinates":[[-119.22795572003393,40.77915743414529],[-119.2280522395491,40.779441060055376],[-119.22814194599766,40.77972691391099],[-119.22822478802846,40.780014832079246],[-119.22830071821977,40.780304649745595],[-119.22836969310647,40.78059620100813],[-119.22843167320491,40.78088931897258],[-119.22848662303545,40.78118383584782]]},"properties":{"OBJECTID":366,"name":"K","source":"annular","kind":"annular","width_ft":50}},{"type":"Feature","id":367,"geometry":{"type":"LineString","coordinates":[[-119.22780644689752,40.78125202487187],[-119.22848662303545,40.78118383584782]]},"properties":{"OBJECTID":367,"name":"7:15","source":"radial","kind":"path","width_ft":20}},{"type":"Feature","id":368,"geometry":{"type":"LineString","coordinates":[[-119.22729308862635,40.77929252323023],[-119.22738641926375,40.77956678559588],[-119.22747316172057,40.779843202308975],[-119.22755326634177,40.7801216151369],[-119.22762668727208,40.780401864704395],[-119.22769338248224,40.78068379058478],[-119.22775331379313,40.78096723139177],[-119.22780644689752,40.78125202487187]]},"properties":{"OBJECTID":368,"name":"J","source":"annular","kind":"annular","width_ft":30}},{"type":"Feature","id":369,"geometry":{"type":"LineString","coordinates":[[-119.22716207931722,40.78131662082557],[-119.22780644689752,40.78125202487187]]},"properties":{"OBJECTID":369,"name":"7:15","source":"radial","kind":"path","width_ft":20}},{"type":"Feature","id":370,"geometry":{"type":"LineString","coordinates":[[-119.22666534441767,40.779420496100016],[-119.22675565374641,40.779685888057095],[-119.22683958793559,40.77995336463107],[-119.22691709893714,40.780222772705145],[-119.22698814237991,40.780493958056844],[-119.22705267759515,40.78076676544629],[-119.2271106676397,40.78104103870505],[-119.22716207931722,40.78131662082557]]},"properties":{"OBJECTID":370,"name":"I","source":"annular","kind":"annular","width_ft":30}},{"type":"Feature","id":371,"geometry":{"type":"LineString","coordinates":[[-119.22615972502588,40.78141709586785],[-119.22716207931722,40.78131662082557]]},"properties":{"OBJECTID":371,"name":"7:15","source":"radial","kind":"path","width_ft":20}},{"type":"Feature","id":372,"geometry":{"type":"LineString","coordinates":[[-119.22568884652891,40.779619558417025],[-119.22577445632588,40.77987115180712],[-119.22585402239025,40.78012472134921],[-119.22592749917362,40.78038012188481],[-119.22599484461344,40.78063720720724],[-119.22605602015713,40.78089583014538],[-119.22611099078411,40.78115584264786],[-119.22615972502588,40.78141709586785]]},"properties":{"OBJECTID":372,"name":"H","source":"annular","kind":"annular","width_ft":30}},{"type":"Feature","id":373,"geometry":{"type":"LineString","coordinates":[[-119.21660360996847,40.78147115555538],[-119.21812075460724,40.78116201325529]]},"properties":{"OBJECTID":373,"name":"7:00","source":"radial","kind":"avenue","width_ft":40}},{"type":"Feature","id":374,"geometry":{"type":"LineString","coordinates":[[-119.21570160438434,40.77981628589501],[-119.21581445509459,40.779968179132354],[-119.21592252856276,40.78012350769971],[-119.21602572028685,40.78028212140163],[-119.21612393048531,40.7804438668661],[-119.21621706419347,40.78060858769283],[-119.21630503135542,40.780776124604515],[-119.21638774691102,40.78094631560081],[-119.21646513087822,40.781118996114984],[-119.21653710843034,40.781293999173094],[-119.21660360996847,40.78147115555538]]},"properties":{"OBJECTID":374,"name":"ESP","source":"annular","kind":"annular","width_ft":40}},{"type":"Feature","id":375,"geometry":{"type":"LineString","coordinates":[[-119.19916458206386,40.781471157005555],[-119.19923108355064,40.781294000614174],[-119.19930306105215,40.781118997545555],[-119.19938044496949,40.780946317019485],[-119.19946316047607,40.78077612600996],[-119.19955112758983,40.78060858908374],[-119.19964426125068,40.7804438682412],[-119.19974247140273,40.78028212275971],[-119.19984566308135,40.780123509039576],[-119.19995373650501,40.77996818045287],[-119.20006658717176,40.779816287195075]]},"properties":{"OBJECTID":375,"name":"ESP","source":"annular","kind":"annular","width_ft":40}},{"type":"Feature","id":376,"geometry":{"type":"LineString","coordinates":[[-119.19916458206386,40.781471157005555],[-119.19764743378198,40.781162014957445]]},"properties":{"OBJECTID":376,"name":"2:00","source":"radial","kind":"avenue","width_ft":40}},{"type":"Feature","id":377,"geometry":{"type":"LineString","coordinates":[[-119.22515735941828,40.78151756310432],[-119.22615972502588,40.78141709586785]]},"properties":{"OBJECTID":377,"name":"7:15","source":"radial","kind":"path","width_ft":20}},{"type":"Feature","id":378,"geometry":{"type":"LineString","coordinates":[[-119.22471233214615,40.77981861426789],[-119.2247932431131,40.780056408853845],[-119.22486844176757,40.78029607114134],[-119.22493788506054,40.780537463930685],[-119.22500153323774,40.780780449031504],[-119.22505934986242,40.78102488734191],[-119.22511130183626,40.78127063892806],[-119.22515735941828,40.78151756310432]]},"properties":{"OBJECTID":378,"name":"G","source":"annular","kind":"annular","width_ft":30}},{"type":"Feature","id":379,"geometry":{"type":"LineString","coordinates":[[-119.22415500737199,40.781618019829686],[-119.22515735941828,40.78151756310432]]},"properties":{"OBJECTID":379,"name":"7:15","source":"radial","kind":"path","width_ft":20}},{"type":"Feature","id":380,"geometry":{"type":"LineString","coordinates":[[-119.22373582259182,40.780017659146786],[-119.2238120359569,40.78024165491159],[-119.22388286843712,40.78046740995453],[-119.2239482794822,40.78069479503507],[-119.22400823164557,40.780923679979466],[-119.2240626906057,40.78115393375539],[-119.2241116251859,40.78138542454685],[-119.22415500737199,40.781618019829686]]},"properties":{"OBJECTID":380,"name":"F","source":"annular","kind":"annular","width_ft":30}},{"type":"Feature","id":381,"geometry":{"type":"LineString","coordinates":[[-119.22848662303545,40.78118383584782],[-119.22852824525017,40.78143946290658],[-119.22856437450456,40.78169592397362],[-119.2285949941724,40.78195310102911],[-119.22862009016296,40.78221087572373],[-119.22863965092742,40.78246912943314],[-119.22865366746419,40.782727743312556],[-119.22866213332303,40.78298659835146],[-119.22866504460809,40.78324557542833]]},"properties":{"OBJECTID":381,"name":"K","source":"annular","kind":"annular","width_ft":50}},{"type":"Feature","id":382,"geometry":{"type":"LineString","coordinates":[[-119.22797896168542,40.78324569699578],[-119.22866504460809,40.78324557542833]]},"properties":{"OBJECTID":382,"name":"7:30","source":"radial","kind":"avenue","width_ft":40}},{"type":"Feature","id":383,"geometry":{"type":"LineString","coordinates":[[-119.22780644689752,40.78125202487187],[-119.22785200922432,40.7815345936894],[-119.22789063080145,40.7818181945287],[-119.2279222884152,40.78210265693001],[-119.2279469630376,40.78238780991575],[-119.22796463983785,40.78267348209325],[-119.22797530819122,40.78295950175779],[-119.22797896168542,40.78324569699578]]},"properties":{"OBJECTID":383,"name":"J","source":"annular","kind":"annular","width_ft":30}},{"type":"Feature","id":384,"geometry":{"type":"LineString","coordinates":[[-119.22732899169112,40.783245808401794],[-119.22797896168542,40.78324569699578]]},"properties":{"OBJECTID":384,"name":"7:30","source":"radial","kind":"avenue","width_ft":40}},{"type":"Feature","id":385,"geometry":{"type":"LineString","coordinates":[[-119.22716207931722,40.78131662082557],[-119.227206164783,40.78159005029577],[-119.227243533976,40.781864478331656],[-119.22727416443519,40.78213973998616],[-119.22729803774988,40.78241566981113],[-119.22731513957085,40.78269210195685],[-119.22732545961891,40.782968870271645],[-119.22732899169112,40.783245808401794]]},"properties":{"OBJECTID":385,"name":"I","source":"annular","kind":"annular","width_ft":30}},{"type":"Feature","id":386,"geometry":{"type":"LineString","coordinates":[[-119.22631792909135,40.78324597442312],[-119.22732899169112,40.783245808401794]]},"properties":{"OBJECTID":386,"name":"7:30","source":"radial","kind":"avenue","width_ft":40}},{"type":"Feature","id":387,"geometry":{"type":"LineString","coordinates":[[-119.22615972502588,40.78141709586785],[-119.22620151408887,40.78167630854612],[-119.2262369360664,40.78193646777018],[-119.22626596966765,40.782197417168256],[-119.22628859744165,40.782458999893606],[-119.22630480578768,40.78272105871883],[-119.22631458496355,40.78298343613035],[-119.22631792909135,40.78324597442312]]},"properties":{"OBJECTID":387,"name":"H","source":"annular","kind":"annular","width_ft":30}},{"type":"Feature","id":388,"geometry":{"type":"LineString","coordinates":[[-119.22530686766804,40.783246131585834],[-119.22631792909135,40.78324597442312]]},"properties":{"OBJECTID":388,"name":"7:30","source":"radial","kind":"avenue","width_ft":40}},{"type":"Feature","id":389,"geometry":{"type":"LineString","coordinates":[[-119.22515735941828,40.78151756310432],[-119.22519685383166,40.78176255871144],[-119.2252303303591,40.782008448886735],[-119.22525776887903,40.78225508583413],[-119.22527915289909,40.7825023213087],[-119.22529446956608,40.78275000670574],[-119.22530370967371,40.78299799315014],[-119.22530686766804,40.783246131585834]]},"properties":{"OBJECTID":389,"name":"G","source":"annular","kind":"annular","width_ft":30}},{"type":"Feature","id":390,"geometry":{"type":"LineString","coordinates":[[-119.22429580505231,40.78324627989034],[-119.22530686766804,40.783246131585834]]},"properties":{"OBJECTID":390,"name":"7:30","source":"radial","kind":"avenue","width_ft":40}},{"type":"Feature","id":391,"geometry":{"type":"LineString","coordinates":[[-119.22415500737199,40.781618019829686],[-119.22419220506036,40.78184879875501],[-119.2242237340495,40.78208042022041],[-119.22424957538827,40.78231274500515],[-119.22426971354422,40.78254563346572],[-119.22428413641289,40.782778945619825],[-119.22429283532514,40.783012541230484],[-119.22429580505231,40.78324627989034]]},"properties":{"OBJECTID":391,"name":"F","source":"annular","kind":"annular","width_ft":30}},{"type":"Feature","id":392,"geometry":{"type":"LineString","coordinates":[[-119.22254450251664,40.783246515813524],[-119.22429580505231,40.78324627989034]]},"properties":{"OBJECTID":392,"name":"7:30","source":"radial","kind":"avenue","width_ft":40}},{"type":"Feature","id":393,"geometry":{"type":"LineString","coordinates":[[-119.22204434687346,40.78036241611028],[-119.22212318185923,40.78059448998557],[-119.22219541390527,40.78082870307252],[-119.22226098508592,40.781064867546654],[-119.22231984281713,40.7813027940186],[-119.22237193989864,40.781542291685966],[-119.22241723455176,40.78178316848636],[-119.22245569045299,40.78202523125144],[-119.22248727676308,40.78226828586174],[-119.22251196815172,40.78251213740244],[-119.22252974481795,40.78275659031961],[-119.22254059250598,40.78300144857705],[-119.22254450251664,40.783246515813524]]},"properties":{"OBJECTID":393,"name":"E","source":"annular","kind":"annular","width_ft":40}},{"type":"Feature","id":394,"geometry":{"type":"LineString","coordinates":[[-119.22151538519203,40.78324664205115],[-119.22254450251664,40.783246515813524]]},"properties":{"OBJECTID":394,"name":"7:30","source":"radial","kind":"avenue","width_ft":40}},{"type":"Feature","id":395,"geometry":{"type":"LineString","coordinates":[[-119.22105037821603,40.780564993754695],[-119.22112367625066,40.780780777497725],[-119.22119083479126,40.78099855021425],[-119.22125179998012,40.78121813726164],[-119.22130652292628,40.781439362542294],[-119.2213549597447,40.78166204864482],[-119.22139707159155,40.78188601698631],[-119.22143282469526,40.78211108795559],[-119.22146219038366,40.782337081057214],[-119.22148514510698,40.78256381505624],[-119.2215016704567,40.78279110812356],[-119.22151175318034,40.78301877798174],[-119.22151538519203,40.78324664205115]]},"properties":{"OBJECTID":395,"name":"D","source":"annular","kind":"annular","width_ft":30}},{"type":"Feature","id":396,"geometry":{"type":"LineString","coordinates":[[-119.22050431899713,40.78324675713695],[-119.22151538519203,40.78324664205115]]},"properties":{"OBJECTID":396,"name":"7:30","source":"radial","kind":"avenue","width_ft":40}},{"type":"Feature","id":397,"geometry":{"type":"LineString","coordinates":[[-119.22007384205423,40.78076400852479],[-119.22014758828442,40.780982043391454],[-119.22021456434385,40.78120225219466],[-119.2202747063115,40.781424424770094],[-119.22032795678867,40.78164834907924],[-119.22037426495383,40.781873811411764],[-119.22041358661109,40.782100596589444],[-119.22044588423238,40.78232848817158],[-119.2204711269933,40.7825572686615],[-119.22048929080249,40.78278671971419],[-119.22050035832467,40.78301662234467],[-119.22050431899713,40.78324675713695]]},"properties":{"OBJECTID":397,"name":"C","source":"annular","kind":"annular","width_ft":30}},{"type":"Feature","id":398,"geometry":{"type":"LineString","coordinates":[[-119.21949325990474,40.78324686336356],[-119.22050431899713,40.78324675713695]]},"properties":{"OBJECTID":398,"name":"7:30","source":"radial","kind":"avenue","width_ft":40}},{"type":"Feature","id":399,"geometry":{"type":"LineString","coordinates":[[-119.2190973012461,40.78096301502497],[-119.21916513681163,40.78116358286596],[-119.21922674453309,40.7813661504138],[-119.21928206561216,40.78157052433826],[-119.21933104725045,40.78177650958506],[-119.21937364269994,40.78198390956208],[-119.21940981130756,40.78219252632701],[-119.21943951855403,40.782402160776215],[-119.21946273608678,40.7826126128348],[-119.21947944174704,40.782823681647514],[-119.21948961959093,40.783035165770514],[-119.21949325990474,40.78324686336356]]},"properties":{"OBJECTID":399,"name":"B","source":"annular","kind":"annular","width_ft":30}},{"type":"Feature","id":400,"geometry":{"type":"LineString","coordinates":[[-119.21848219843783,40.783246960732015],[-119.21949325990474,40.78324686336356]]},"properties":{"OBJECTID":400,"name":"7:30","source":"radial","kind":"avenue","width_ft":40}},{"type":"Feature","id":401,"geometry":{"type":"LineString","coordinates":[[-119.21812075460724,40.78116201325529],[-119.21818267977686,40.78134511397838],[-119.21823891943873,40.781530040184904],[-119.2182894199171,40.78171661537917],[-119.21833413301371,40.78190466149165],[-119.21837301605387,40.78209399904898],[-119.21840603192717,40.78228444734522],[-119.21843314912287,40.782475824614316],[-119.21845434176001,40.782667948203596],[-119.21846958961208,40.78286063474811],[-119.21847887812638,40.78305370034559],[-119.21848219843783,40.783246960732015]]},"properties":{"OBJECTID":401,"name":"A","source":"annular","kind":"annular","width_ft":30}},{"type":"Feature","id":402,"geometry":{"type":"LineString","coordinates":[[-119.21691144156522,40.7832470944296],[-119.21848219843783,40.783246960732015]]},"properties":{"OBJECTID":402,"name":"7:30","source":"radial","kind":"avenue","width_ft":40}},{"type":"Feature","id":403,"geometry":{"type":"LineString","coordinates":[[-119.21660360996847,40.78147115555538],[-119.21666136242192,40.781642803973334],[-119.21671324924826,40.78181631559403],[-119.21675921052645,40.781991490039005],[-119.21679919317847,40.782168125009505],[-119.21683315103068,40.78234601652009],[-119.21686104486716,40.782524959134214],[-119.21688284247492,40.782704746201496],[-119.21689851868118,40.782885170096314],[-119.2169080553824,40.78306602245763],[-119.21691144156522,40.7832470944296]]},"properties":{"OBJECTID":403,"name":"ESP","source":"annular","kind":"annular","width_ft":40}},{"type":"Feature","id":404,"geometry":{"type":"LineString","coordinates":[[-119.21355895632217,40.778933498938194],[-119.20788409627202,40.783247448274516]]},"properties":{"OBJECTID":404,"name":"6:00","source":"radial","kind":"avenue","width_ft":40}},{"type":"Feature","id":405,"geometry":{"type":"LineString","coordinates":[[-119.20788409627202,40.783247448274516],[-119.20150126730458,40.7783952540116]]},"properties":{"OBJECTID":405,"name":"3:00","source":"radial","kind":"avenue","width_ft":40}},{"type":"Feature","id":406,"geometry":{"type":"LineString","coordinates":[[-119.22429580505231,40.78324627989034],[-119.22429295103804,40.78348001588563],[-119.22428436724647,40.78371361164632],[-119.2242700588382,40.783946926734444],[-119.22425003441545,40.78417982088075],[-119.22422430601692,40.78441215406908],[-119.22419288911055,40.784643786620514],[-119.2241558025842,40.784874579277364]]},"properties":{"OBJECTID":406,"name":"F","source":"annular","kind":"annular","width_ft":30}},{"type":"Feature","id":407,"geometry":{"type":"LineString","coordinates":[[-119.22530686766804,40.783246131585834],[-119.22530384024766,40.78349426700665],[-119.22529473004676,40.783742253612296],[-119.22527954254241,40.78398994231218],[-119.22525828686544,40.784237184194836],[-119.22523097579482,40.78448383061739],[-119.22519762575008,40.784729733295],[-119.22515825678143,40.78497474438995]]},"properties":{"OBJECTID":407,"name":"G","source":"annular","kind":"annular","width_ft":30}},{"type":"Feature","id":408,"geometry":{"type":"LineString","coordinates":[[-119.2241558025842,40.784874579277364],[-119.22515825678143,40.78497474438995]]},"properties":{"OBJECTID":408,"name":"7:45","source":"radial","kind":"path","width_ft":20}},{"type":"Feature","id":409,"geometry":{"type":"LineString","coordinates":[[-119.21691144156522,40.7832470944296],[-119.21690810548922,40.78342816419163],[-119.21689861822782,40.78360901600942],[-119.21688299073982,40.78378944097927],[-119.2168612410767,40.783969230690545],[-119.21683339436171,40.784148177466406],[-119.21679948276086,40.78432607460369],[-119.21675954544577,40.784502716611684],[-119.2167136285484,40.78467789944949],[-119.21666178510783,40.78485142076172],[-119.21660407500892,40.785023080112204]]},"properties":{"OBJECTID":409,"name":"ESP","source":"annular","kind":"annular","width_ft":40}},{"type":"Feature","id":410,"geometry":{"type":"LineString","coordinates":[[-119.22631792909135,40.78324597442312],[-119.22631473127544,40.783508509329636],[-119.22630509766509,40.783770886913885],[-119.22628903405214,40.784032949432195],[-119.22626655009418,40.78429453933032],[-119.22623765930872,40.78455549933814],[-119.2262023790652,40.78481567256424],[-119.22616073057436,40.78507490259024]]},"properties":{"OBJECTID":410,"name":"H","source":"annular","kind":"annular","width_ft":30}},{"type":"Feature","id":411,"geometry":{"type":"LineString","coordinates":[[-119.22515825678143,40.78497474438995],[-119.22616073057436,40.78507490259024]]},"properties":{"OBJECTID":411,"name":"7:45","source":"radial","kind":"path","width_ft":20}},{"type":"Feature","id":412,"geometry":{"type":"LineString","coordinates":[[-119.22732899169112,40.783245808401794],[-119.22732562254716,40.78352274275458],[-119.22731546459711,40.7837995112552],[-119.2272985239481,40.78407594750697],[-119.22727481078502,40.784351885312965],[-119.22724433936456,40.78462715877594],[-119.22720712800648,40.784901602398044],[-119.22716319908274,40.785175051180346]]},"properties":{"OBJECTID":412,"name":"I","source":"annular","kind":"annular","width_ft":30}},{"type":"Feature","id":413,"geometry":{"type":"LineString","coordinates":[[-119.22616073057436,40.78507490259024],[-119.22716319908274,40.785175051180346]]},"properties":{"OBJECTID":413,"name":"7:45","source":"radial","kind":"path","width_ft":20}},{"type":"Feature","id":414,"geometry":{"type":"LineString","coordinates":[[-119.22797896168542,40.78324569699578],[-119.22797548163163,40.7835318881111],[-119.22796498583716,40.783817907871885],[-119.22794748061223,40.78410358431887],[-119.22792297648122,40.78438874569919],[-119.2278914881764,40.78467322056965],[-119.22785303462899,40.784956837899784],[-119.22780763895783,40.78523942717471]]},"properties":{"OBJECTID":414,"name":"J","source":"annular","kind":"annular","width_ft":30}},{"type":"Feature","id":415,"geometry":{"type":"LineString","coordinates":[[-119.22716319908274,40.785175051180346],[-119.22780763895783,40.78523942717471]]},"properties":{"OBJECTID":415,"name":"7:45","source":"radial","kind":"path","width_ft":20}},{"type":"Feature","id":416,"geometry":{"type":"LineString","coordinates":[[-119.22866504460809,40.78324557542833],[-119.22866229568803,40.78350454852005],[-119.22865399147773,40.78376340303303],[-119.22864013579975,40.7840220198132],[-119.22862073503202,40.784280279815924],[-119.22859579810499,40.78453806416081],[-119.22856533649743,40.7847952541864],[-119.2285293642312,40.785051731504815],[-119.22848789786482,40.78530737805624]]},"properties":{"OBJECTID":416,"name":"K","source":"annular","kind":"annular","width_ft":50}},{"type":"Feature","id":417,"geometry":{"type":"LineString","coordinates":[[-119.22780763895783,40.78523942717471],[-119.22848789786482,40.78530737805624]]},"properties":{"OBJECTID":417,"name":"7:45","source":"radial","kind":"path","width_ft":20}},{"type":"Feature","id":418,"geometry":{"type":"LineString","coordinates":[[-119.21848219843783,40.783246960732015],[-119.2184789408051,40.783440218188595],[-119.2184697142199,40.783633282755055],[-119.21845452749064,40.78382597011829],[-119.2184333951156,40.784018096325305],[-119.21840633726924,40.78420947795882],[-119.21837337978292,40.78439993231238],[-119.21833455412018,40.78458927756479],[-119.21828989734674,40.78477733295365],[-119.2182394520951,40.784963918947994],[-119.21818326652392,40.78514885741962],[-119.21812139427188,40.785331971813164]]},"properties":{"OBJECTID":418,"name":"A","source":"annular","kind":"annular","width_ft":30}},{"type":"Feature","id":419,"geometry":{"type":"LineString","coordinates":[[-119.21660407500892,40.785023080112204],[-119.21812139427188,40.785331971813164]]},"properties":{"OBJECTID":419,"name":"8:00","source":"radial","kind":"avenue","width_ft":40}},{"type":"Feature","id":420,"geometry":{"type":"LineString","coordinates":[[-119.21949325990474,40.78324686336356],[-119.21948969481907,40.783458557454445],[-119.21947959130311,40.78367004035427],[-119.21946295900251,40.78388111016387],[-119.21943981379586,40.78409156537849],[-119.21941017777947,40.784301205080084],[-119.21937407924636,40.78450982912917],[-119.2193315526592,40.78471723835591],[-119.21928263861737,40.78492323475021],[-119.21922738381832,40.785127621650794],[-119.21916584101285,40.78533020393296],[-119.21909806895484,40.78553078819481]]},"properties":{"OBJECTID":420,"name":"B","source":"annular","kind":"annular","width_ft":30}},{"type":"Feature","id":421,"geometry":{"type":"LineString","coordinates":[[-119.21812139427188,40.785331971813164],[-119.21909806895484,40.78553078819481]]},"properties":{"OBJECTID":421,"name":"8:00","source":"radial","kind":"avenue","width_ft":40}},{"type":"Feature","id":422,"geometry":{"type":"LineString","coordinates":[[-119.22050431899713,40.78324675713695],[-119.22050044724534,40.783476887802685],[-119.22048946757914,40.783706789000384],[-119.22047139048075,40.78393624124441],[-119.2204462332083,40.78416502547773],[-119.22041401977935,40.784392923281075],[-119.22037478094788,40.784619717081426],[-119.22032855417504,40.78484519035977],[-119.22027538359333,40.785069127857774],[-119.22021531996445,40.785291315783326],[-119.22014842063089,40.7855115420146],[-119.22007474946115,40.785729596302616]]},"properties":{"OBJECTID":422,"name":"C","source":"annular","kind":"annular","width_ft":30}},{"type":"Feature","id":423,"geometry":{"type":"LineString","coordinates":[[-119.21909806895484,40.78553078819481],[-119.22007474946115,40.785729596302616]]},"properties":{"OBJECTID":423,"name":"8:00","source":"radial","kind":"avenue","width_ft":40}},{"type":"Feature","id":424,"geometry":{"type":"LineString","coordinates":[[-119.22151538519203,40.78324664205115],[-119.22151184855271,40.783474501641145],[-119.2215018601607,40.783702169672715],[-119.22148542802898,40.78392946350373],[-119.22146256533992,40.78415620079229],[-119.22143329043463,40.784382199642934],[-119.22139762679834,40.784607278752624],[-119.22135560304146,40.78483125755616],[-119.22130725287671,40.785053956371016],[-119.22125261509206,40.78527519654156],[-119.22119173351956,40.785494800582285],[-119.22112465700025,40.78571259232026],[-119.2210514393449,40.78592839703642]]},"properties":{"OBJECTID":424,"name":"D","source":"annular","kind":"annular","width_ft":30}},{"type":"Feature","id":425,"geometry":{"type":"LineString","coordinates":[[-119.22007474946115,40.785729596302616],[-119.2210514393449,40.78592839703642]]},"properties":{"OBJECTID":425,"name":"8:00","source":"radial","kind":"avenue","width_ft":40}},{"type":"Feature","id":426,"geometry":{"type":"LineString","coordinates":[[-119.22254450251664,40.783246515813524],[-119.22254070260762,40.78349157790232],[-119.22252996381619,40.78373643407445],[-119.22251229475746,40.783980887896334],[-119.22248770960627,40.78422474325718],[-119.22245622808583,40.78446780452629],[-119.2224178754519,40.78470987671003],[-119.2223726824725,40.78495076560825],[-119.2223206854033,40.785190277970074],[-119.22226192595846,40.78542822164894],[-119.22219645127718,40.785664405756755],[-119.22212431388594,40.78589864081702],[-119.22204557165627,40.78613073891683]]},"properties":{"OBJECTID":426,"name":"E","source":"annular","kind":"annular","width_ft":40}},{"type":"Feature","id":427,"geometry":{"type":"LineString","coordinates":[[-119.2210514393449,40.78592839703642],[-119.22204557165627,40.78613073891683]]},"properties":{"OBJECTID":427,"name":"8:00","source":"radial","kind":"avenue","width_ft":40}},{"type":"Feature","id":428,"geometry":{"type":"LineString","coordinates":[[-119.2241558025842,40.784874579277364],[-119.2241125322283,40.785107184538994],[-119.22406370750389,40.785338687622605],[-119.2240093563794,40.78556895591549],[-119.223949509989,40.785797857512236],[-119.2238842026147,40.78602526129034],[-119.22381347166674,40.78625103698531],[-119.22373735766219,40.78647505526526]]},"properties":{"OBJECTID":428,"name":"F","source":"annular","kind":"annular","width_ft":30}},{"type":"Feature","id":429,"geometry":{"type":"LineString","coordinates":[[-119.22204557165627,40.78613073891683],[-119.22373735766219,40.78647505526526]]},"properties":{"OBJECTID":429,"name":"8:00","source":"radial","kind":"avenue","width_ft":40}},{"type":"Feature","id":430,"geometry":{"type":"LineString","coordinates":[[-119.22515825678143,40.78497474438995],[-119.22511232543765,40.78522167992854],[-119.22506049747089,40.78546744548842],[-119.22500280257056,40.785711900283914],[-119.22493927378692,40.7859549042802],[-119.22486994751215,40.786196318273554],[-119.22479486345948,40.78643600397108],[-119.22471406464048,40.786673824069915]]},"properties":{"OBJECTID":430,"name":"G","source":"annular","kind":"annular","width_ft":30}},{"type":"Feature","id":431,"geometry":{"type":"LineString","coordinates":[[-119.22373735766219,40.78647505526526],[-119.22471406464048,40.786673824069915]]},"properties":{"OBJECTID":431,"name":"8:00","source":"radial","kind":"avenue","width_ft":40}},{"type":"Feature","id":432,"geometry":{"type":"LineString","coordinates":[[-119.21660407500892,40.785023080112204],[-119.21653761582375,40.78520024740298],[-119.21646567876051,40.785375262062786],[-119.2163883334174,40.785547954767075],[-119.21630565462507,40.78571815843777],[-119.2162177223743,40.7858857084049],[-119.2161246217384,40.78605044256593],[-119.21602644279113,40.78621220154258],[-119.2159232805194,40.786370828835025],[-119.21581523473147,40.7865261709733],[-119.21570240996029,40.78667807766579]]},"properties":{"OBJECTID":432,"name":"ESP","source":"annular","kind":"annular","width_ft":40}},{"type":"Feature","id":433,"geometry":{"type":"LineString","coordinates":[[-119.22616073057436,40.78507490259024],[-119.22611213694329,40.7853361684312],[-119.22605730443647,40.78559619646206],[-119.225996264465,40.78585483772427],[-119.225929051996,40.78611194405373],[-119.2258557055325,40.78636736816561],[-119.22577626709143,40.78662096373875],[-119.22569078217958,40.786872585499495]]},"properties":{"OBJECTID":433,"name":"H","source":"annular","kind":"annular","width_ft":30}},{"type":"Feature","id":434,"geometry":{"type":"LineString","coordinates":[[-119.22471406464048,40.786673824069915],[-119.22569078217958,40.786872585499495]]},"properties":{"OBJECTID":434,"name":"8:00","source":"radial","kind":"avenue","width_ft":40}},{"type":"Feature","id":435,"geometry":{"type":"LineString","coordinates":[[-119.22716319908274,40.785175051180346],[-119.22711194498619,40.78545064752643],[-119.22705410974055,40.78572493827136],[-119.22698972647775,40.785997766282854],[-119.22691883208086,40.78626897526662],[-119.22684146716297,40.78653840985585],[-119.22675767604395,40.7868059157002],[-119.226667506725,40.78707133955427]]},"properties":{"OBJECTID":435,"name":"I","source":"annular","kind":"annular","width_ft":30}},{"type":"Feature","id":436,"geometry":{"type":"LineString","coordinates":[[-119.22569078217958,40.786872585499495],[-119.226667506725,40.78707133955427]]},"properties":{"OBJECTID":436,"name":"8:00","source":"radial","kind":"avenue","width_ft":40}},{"type":"Feature","id":437,"geometry":{"type":"LineString","coordinates":[[-119.22780763895783,40.78523942717471],[-119.22775467359493,40.785524235737924],[-119.22769490705944,40.785807695097596],[-119.22762837359006,40.786089642867225],[-119.2275551113021,40.78636991752628],[-119.22747516216558,40.7866483585127],[-119.2273885719813,40.786924806314886],[-119.22729539035451,40.787199102563086]]},"properties":{"OBJECTID":437,"name":"J","source":"annular","kind":"annular","width_ft":30}},{"type":"Feature","id":438,"geometry":{"type":"LineString","coordinates":[[-119.226667506725,40.78707133955427],[-119.22729539035451,40.787199102563086]]},"properties":{"OBJECTID":438,"name":"8:00","source":"radial","kind":"avenue","width_ft":40}},{"type":"Feature","id":439,"geometry":{"type":"LineString","coordinates":[[-119.21812139427188,40.785331971813164],[-119.21807516175791,40.785459011398714],[-119.21802620057926,40.78558545899233],[-119.21797452382984,40.785711280737516],[-119.21792014533095,40.78583644294517],[-119.21786307962749,40.78596091210255],[-119.21780334198411,40.78608465488238],[-119.21774094838123,40.78620763815163],[-119.21767591551061,40.78632982898046],[-119.21760826077106,40.78645119465106],[-119.21753800226361,40.78657170266637],[-119.2174651587869,40.78669132075879],[-119.217389749832,40.786810016898876],[-119.21731179557717,40.786927759303815],[-119.21723131688269,40.78704451644614],[-119.217148335285,40.78716025706184],[-119.21706287299119,40.78727495015914]]},"properties":{"OBJECTID":439,"name":"A","source":"annular","kind":"annular","width_ft":30}},{"type":"Feature","id":440,"geometry":{"type":"LineString","coordinates":[[-119.21570240996029,40.78667807766579],[-119.21706287299119,40.78727495015914]]},"properties":{"OBJECTID":440,"name":"8:30","source":"radial","kind":"avenue","width_ft":40}},{"type":"Feature","id":441,"geometry":{"type":"LineString","coordinates":[[-119.22848789786482,40.78530737805624],[-119.22843312758336,40.78560191090913],[-119.22837132386896,40.785895048566296],[-119.2283025221278,40.786186623094636],[-119.22822676177515,40.78647646745654],[-119.22814408621268,40.786764415605575],[-119.22805454280368,40.787050302581605],[-119.2279581828459,40.787333964605324]]},"properties":{"OBJECTID":441,"name":"K","source":"annular","kind":"annular","width_ft":50}},{"type":"Feature","id":442,"geometry":{"type":"LineString","coordinates":[[-119.22729539035451,40.787199102563086],[-119.2279581828459,40.787333964605324]]},"properties":{"OBJECTID":442,"name":"8:00","source":"radial","kind":"avenue","width_ft":40}},{"type":"Feature","id":443,"geometry":{"type":"LineString","coordinates":[[-119.21909806895484,40.78553078819481],[-119.21904742798323,40.7856699479549],[-119.21899379798957,40.78580845927262],[-119.21893719331486,40.78594628506109],[-119.21887762909697,40.78608338841662],[-119.21881512126647,40.786219732628815],[-119.2187496865424,40.78635528119031],[-119.21868134242779,40.786489997806534],[-119.21861010720511,40.7866238464055],[-119.21853599993119,40.78675679114737],[-119.21845904043234,40.78688879643422],[-119.21837924929889,40.787019826919355],[-119.2182966478798,40.78714984751695],[-119.21821125827692,40.78727882341142],[-119.21812310333907,40.78740672006664],[-119.21803220665599,40.78753350323539],[-119.21793859255199,40.78765913896829]]},"properties":{"OBJECTID":443,"name":"B","source":"annular","kind":"annular","width_ft":30}},{"type":"Feature","id":444,"geometry":{"type":"LineString","coordinates":[[-119.21706287299119,40.78727495015914],[-119.21793859255199,40.78765913896829]]},"properties":{"OBJECTID":444,"name":"8:30","source":"radial","kind":"avenue","width_ft":40}},{"type":"Feature","id":445,"geometry":{"type":"LineString","coordinates":[[-119.22373735766219,40.78647505526526],[-119.22365410818988,40.786702283050666],[-119.22356568274756,40.78692754707854],[-119.22347212760985,40.7871507294643],[-119.22337349173579,40.78737171341269],[-119.2232698267432,40.78759038327896],[-119.22316118688182,40.78780662462936],[-119.22304762900478,40.788020324301016]]},"properties":{"OBJECTID":445,"name":"F","source":"annular","kind":"annular","width_ft":30}},{"type":"Feature","id":446,"geometry":{"type":"LineString","coordinates":[[-119.22007474946115,40.785729596302616],[-119.22001969996137,40.785880876176776],[-119.21996140107875,40.78603145115732],[-119.21989986840121,40.786181280926805],[-119.21983511838296,40.786330325367025],[-119.21976716833997,40.78647854456982],[-119.21969603644544,40.786625898847696],[-119.21962174172491,40.78677234874453],[-119.2195443040512,40.78691785504609],[-119.21946374413906,40.78706237879051],[-119.21938008353982,40.787205881278865],[-119.21929334463537,40.78734832408536],[-119.21920355063246,40.78748966906775],[-119.21911072555618,40.787629878377494],[-119.21901489424394,40.787768914469936],[-119.21891608233854,40.78790674011436],[-119.21881431628134,40.78804331840393]]},"properties":{"OBJECTID":446,"name":"C","source":"annular","kind":"annular","width_ft":30}},{"type":"Feature","id":447,"geometry":{"type":"LineString","coordinates":[[-119.21793859255199,40.78765913896829],[-119.21881431628134,40.78804331840393]]},"properties":{"OBJECTID":447,"name":"8:30","source":"radial","kind":"avenue","width_ft":40}},{"type":"Feature","id":448,"geometry":{"type":"LineString","coordinates":[[-119.21570240996029,40.78667807766579],[-119.2156275190051,40.786774852581665],[-119.21555055462296,40.786870683140066],[-119.21547153741353,40.78696554368081],[-119.21539048852641,40.78705940880324],[-119.21530742965551,40.78715225337321],[-119.21522238303318,40.7872440525297],[-119.21513537142435,40.78733478169152],[-119.21504641812044,40.787424416563915],[-119.21495554693298,40.78751293314503],[-119.21486278218748,40.78760030773241],[-119.21476814871669,40.78768651692926],[-119.21467167185415,40.78777153765075],[-119.21457337742719,40.78785534713027],[-119.21447329175027,40.787937922925394],[-119.21437144161771,40.788019242924044],[-119.2142678542967,40.7880992853503]]},"properties":{"OBJECTID":448,"name":"ESP","source":"annular","kind":"annular","width_ft":40}},{"type":"Feature","id":449,"geometry":{"type":"LineString","coordinates":[[-119.20788409627202,40.783247448274516],[-119.2142678542967,40.7880992853503]]},"properties":{"OBJECTID":449,"name":"9:00","source":"radial","kind":"avenue","width_ft":40}},{"type":"Feature","id":450,"geometry":{"type":"LineString","coordinates":[[-119.20788409627202,40.783247448274516],[-119.20149969626335,40.78809977534656]]},"properties":{"OBJECTID":450,"name":"12:00","source":"radial","kind":"avenue","width_ft":40}},{"type":"Feature","id":451,"geometry":{"type":"LineString","coordinates":[[-119.22471406464048,40.786673824069915],[-119.22462568916048,40.78691505101193],[-119.22453181875493,40.787154193249904],[-119.22443250254913,40.78739112563327],[-119.22432779251835,40.78762572416795],[-119.22421774346058,40.78785786608125],[-119.22410241296795,40.788087429886076],[-119.22398186139645,40.78831429544457]]},"properties":{"OBJECTID":451,"name":"G","source":"annular","kind":"annular","width_ft":30}},{"type":"Feature","id":452,"geometry":{"type":"LineString","coordinates":[[-119.22304762900478,40.788020324301016],[-119.22398186139645,40.78831429544457]]},"properties":{"OBJECTID":452,"name":"8:15","source":"radial","kind":"path","width_ft":20}},{"type":"Feature","id":453,"geometry":{"type":"LineString","coordinates":[[-119.2210514393449,40.78592839703642],[-119.22099198172407,40.78609179714657],[-119.2209290143524,40.786254435916895],[-119.22086255406431,40.78641626979934],[-119.22079261863004,40.78657725546107],[-119.2207192267506,40.78673734979606],[-119.22064239805296,40.786896509936625],[-119.22056215308483,40.78705469326494],[-119.22047851330908,40.787211857424445],[-119.22039150109818,40.787367960331174],[-119.22030113972795,40.787522960185015],[-119.22020745337176,40.787676815480964],[-119.22011046709358,40.78782948502025],[-119.22001020684178,40.78798092792129],[-119.21990669944186,40.78813110363069],[-119.21979997258943,40.78827997193417],[-119.2196900548428,40.788427492967244]]},"properties":{"OBJECTID":453,"name":"D","source":"annular","kind":"annular","width_ft":30}},{"type":"Feature","id":454,"geometry":{"type":"LineString","coordinates":[[-119.21881431628134,40.78804331840393],[-119.2196900548428,40.788427492967244]]},"properties":{"OBJECTID":454,"name":"8:30","source":"radial","kind":"avenue","width_ft":40}},{"type":"Feature","id":455,"geometry":{"type":"LineString","coordinates":[[-119.22569078217958,40.786872585499495],[-119.22559728144103,40.78712781192397],[-119.22549796679974,40.78738083270947],[-119.2253928902316,40.78763151543862],[-119.22528210672802,40.7878797289177],[-119.22516567426705,40.788125343245255],[-119.22504365378312,40.78836822988006],[-119.22491610913512,40.78860826170843]]},"properties":{"OBJECTID":455,"name":"H","source":"annular","kind":"annular","width_ft":30}},{"type":"Feature","id":456,"geometry":{"type":"LineString","coordinates":[[-119.22398186139645,40.78831429544457],[-119.22491610913512,40.78860826170843]]},"properties":{"OBJECTID":456,"name":"8:15","source":"radial","kind":"path","width_ft":20}},{"type":"Feature","id":457,"geometry":{"type":"LineString","coordinates":[[-119.22204557165627,40.78613073891683],[-119.22198162779135,40.78630647576799],[-119.22191390915201,40.78648139383256],[-119.22184243384106,40.786655446274146],[-119.22176722096773,40.7868285864878],[-119.22168829064242,40.787000768112385],[-119.22160566397153,40.78717194504321],[-119.22151936305163,40.78734207144419],[-119.22142941096371,40.78751110176021],[-119.22133583176701,40.787678990729304],[-119.22123865049254,40.78784569339478],[-119.22113789313644,40.7880111651173],[-119.22103358665314,40.78817536158685],[-119.22092575894793,40.788338238834534],[-119.22081443886972,40.788499753244366],[-119.22069965620332,40.78865986156511],[-119.22058144166138,40.78881852092165]]},"properties":{"OBJECTID":457,"name":"E","source":"annular","kind":"annular","width_ft":40}},{"type":"Feature","id":458,"geometry":{"type":"LineString","coordinates":[[-119.2196900548428,40.788427492967244],[-119.22058144166138,40.78881852092165]]},"properties":{"OBJECTID":458,"name":"8:30","source":"radial","kind":"avenue","width_ft":40}},{"type":"Feature","id":459,"geometry":{"type":"LineString","coordinates":[[-119.226667506725,40.78707133955427],[-119.22656888091663,40.78734056542585],[-119.22646412222407,40.787607464725845],[-119.22635328547379,40.78787189776991],[-119.22623642867329,40.78813372616444],[-119.2261136129807,40.78839281287899],[-119.2259849026728,40.78864902231802],[-119.22585036511141,40.788902220391826]]},"properties":{"OBJECTID":459,"name":"I","source":"annular","kind":"annular","width_ft":30}},{"type":"Feature","id":460,"geometry":{"type":"LineString","coordinates":[[-119.22491610913512,40.78860826170843],[-119.22585036511141,40.788902220391826]]},"properties":{"OBJECTID":460,"name":"8:15","source":"radial","kind":"path","width_ft":20}},{"type":"Feature","id":461,"geometry":{"type":"LineString","coordinates":[[-119.21706287299119,40.78727495015914],[-119.21697495297818,40.78738856510894],[-119.21688459866833,40.78750107140677],[-119.21679183424399,40.78761243892635],[-119.21669668453323,40.78772263784617],[-119.21659917500325,40.787831638657494],[-119.2164993317535,40.78793941217228],[-119.21639718150877,40.788045929530995],[-119.21629275161207,40.788151162210355],[-119.21618607001709,40.788255082030894],[-119.21607716528106,40.78835766116466],[-119.21596606655683,40.78845887214252],[-119.21585280358521,40.78855868786166],[-119.21573740668697,40.78865708159268],[-119.21561990675471,40.78875402698696],[-119.21550033524467,40.78884949808352],[-119.21537872416819,40.788943469316145]]},"properties":{"OBJECTID":461,"name":"A","source":"annular","kind":"annular","width_ft":30}},{"type":"Feature","id":462,"geometry":{"type":"LineString","coordinates":[[-119.2142678542967,40.7880992853503],[-119.21537872416819,40.788943469316145]]},"properties":{"OBJECTID":462,"name":"9:00","source":"radial","kind":"avenue","width_ft":40}},{"type":"Feature","id":463,"geometry":{"type":"LineString","coordinates":[[-119.22729539035451,40.787199102563086],[-119.2271934710242,40.78747732814095],[-119.2270852137373,40.78775314942712],[-119.22697067515243,40.78802642206505],[-119.22684991521561,40.7882970030321],[-119.22672299712896,40.78856475071435],[-119.22658998731757,40.78882952498074],[-119.22645095539475,40.78909118725641]]},"properties":{"OBJECTID":463,"name":"J","source":"annular","kind":"annular","width_ft":30}},{"type":"Feature","id":464,"geometry":{"type":"LineString","coordinates":[[-119.22585036511141,40.788902220391826],[-119.22645095539475,40.78909118725641]]},"properties":{"OBJECTID":464,"name":"8:15","source":"radial","kind":"path","width_ft":20}},{"type":"Feature","id":465,"geometry":{"type":"LineString","coordinates":[[-119.2142678542967,40.7880992853503],[-119.21407349820977,40.78824187412026],[-119.21387546949656,40.78837931674312],[-119.21367390438098,40.788511518672095],[-119.21346894151972,40.788638388965474],[-119.21326072190672,40.78875984034918],[-119.21304938877628,40.788875789276794],[-119.21283508750444,40.78898615598705],[-119.2126179655091,40.78909086455867],[-119.21239817214844,40.78918984296264]]},"properties":{"OBJECTID":465,"name":"ESP","source":"annular","kind":"annular","width_ft":40}},{"type":"Feature","id":466,"geometry":{"type":"LineString","coordinates":[[-119.2279581828459,40.787333964605324],[-119.22785278605026,40.78762169006064],[-119.22774083483078,40.78790692916494],[-119.22762238778043,40.788189532629936],[-119.22749750689196,40.78846935254677],[-119.22736625752547,40.78874624246345],[-119.22722870837417,40.78902005746148],[-119.22708493142848,40.78929065423169]]},"properties":{"OBJECTID":466,"name":"K","source":"annular","kind":"annular","width_ft":50}},{"type":"Feature","id":467,"geometry":{"type":"LineString","coordinates":[[-119.22645095539475,40.78909118725641],[-119.22708493142848,40.78929065423169]]},"properties":{"OBJECTID":467,"name":"8:15","source":"radial","kind":"path","width_ft":20}},{"type":"Feature","id":468,"geometry":{"type":"LineString","coordinates":[[-119.22304762900478,40.788020324301016],[-119.22292568720165,40.78823792972503],[-119.22279908913816,40.78845285960715],[-119.22266789349133,40.788665014329375],[-119.22253216106915,40.78887429555996],[-119.22239195478231,40.78908060629899],[-119.22224733961514,40.789283850923354],[-119.22209838259542,40.78948393523105]]},"properties":{"OBJECTID":468,"name":"F","source":"annular","kind":"annular","width_ft":30}},{"type":"Feature","id":469,"geometry":{"type":"LineString","coordinates":[[-119.22058144166138,40.78881852092165],[-119.22209838259542,40.78948393523105]]},"properties":{"OBJECTID":469,"name":"8:30","source":"radial","kind":"avenue","width_ft":40}},{"type":"Feature","id":470,"geometry":{"type":"LineString","coordinates":[[-119.21793859255199,40.78765913896829],[-119.21784228587263,40.787783593484804],[-119.21774331260228,40.78790683359495],[-119.21764169922938,40.788028826297605],[-119.21753747294954,40.78814953892554],[-119.21743066165868,40.78826893915407],[-119.21732129394529,40.78838699500988],[-119.21720939908296,40.788503674879365],[-119.21709500702244,40.78861894751732],[-119.21697814838369,40.78873278205516],[-119.21685885444765,40.788845148009294],[-119.21673715714799,40.78895601528922],[-119.21661308906234,40.78906535420561],[-119.21648668340373,40.78917313547832],[-119.21635797401176,40.789279330244135],[-119.21622699534329,40.78938391006458],[-119.21609378246353,40.78948684693357]]},"properties":{"OBJECTID":470,"name":"B","source":"annular","kind":"annular","width_ft":30}},{"type":"Feature","id":471,"geometry":{"type":"LineString","coordinates":[[-119.21537872416819,40.788943469316145],[-119.21609378246353,40.78948684693357]]},"properties":{"OBJECTID":471,"name":"9:00","source":"radial","kind":"avenue","width_ft":40}},{"type":"Feature","id":472,"geometry":{"type":"LineString","coordinates":[[-119.22398186139645,40.78831429544457],[-119.22385241040908,40.78854530797986],[-119.22371801619194,40.788773480160444],[-119.22357874103768,40.788998706226884],[-119.22343464950137,40.7892208817853],[-119.22328580837045,40.78943990385573],[-119.22313228663383,40.78965567091989],[-119.22297415544993,40.78986808296822]]},"properties":{"OBJECTID":472,"name":"G","source":"annular","kind":"annular","width_ft":30}},{"type":"Feature","id":473,"geometry":{"type":"LineString","coordinates":[[-119.22209838259542,40.78948393523105],[-119.22297415544993,40.78986808296822]]},"properties":{"OBJECTID":473,"name":"8:30","source":"radial","kind":"avenue","width_ft":40}},{"type":"Feature","id":474,"geometry":{"type":"LineString","coordinates":[[-119.21239817214844,40.78918984296264],[-119.21216405634009,40.78928864902753],[-119.21192767568536,40.78938190692933],[-119.21168916164535,40.78946956480345],[-119.21144864686762,40.7895515738997],[-119.21120626511241,40.78962788860944],[-119.2109621511783,40.78969846649086],[-119.21071644082716,40.789763268292695],[-119.21046927070873,40.78982225797597],[-119.21022077828457,40.78987540273406]]},"properties":{"OBJECTID":474,"name":"ESP","source":"annular","kind":"annular","width_ft":40}},{"type":"Feature","id":475,"geometry":{"type":"LineString","coordinates":[[-119.21881431628134,40.78804331840393],[-119.21870962343439,40.78817861269689],[-119.2186020316896,40.788312586835154],[-119.21849156984088,40.788445204942626],[-119.21837826745133,40.78857643150617],[-119.2182621548452,40.78870623138503],[-119.21814326309988,40.78883456982032],[-119.21802162403748,40.78896141244431],[-119.21789727021635,40.789086725289664],[-119.21777023492251,40.7892104747985],[-119.21764055216049,40.78933262783138],[-119.21750825664448,40.78945315167626],[-119.21737338378887,40.78957201405715],[-119.21723596969883,40.78968918314289],[-119.21709605116068,40.789804627555604],[-119.21695366563208,40.789918316379065],[-119.21680885123179,40.79003021916714]]},"properties":{"OBJECTID":475,"name":"C","source":"annular","kind":"annular","width_ft":30}},{"type":"Feature","id":476,"geometry":{"type":"LineString","coordinates":[[-119.21609378246353,40.78948684693357],[-119.21680885123179,40.79003021916714]]},"properties":{"OBJECTID":476,"name":"9:00","source":"radial","kind":"avenue","width_ft":40}},{"type":"Feature","id":477,"geometry":{"type":"LineString","coordinates":[[-119.21537872416819,40.788943469316145],[-119.21517356307832,40.78909440058727],[-119.21496489657615,40.789240447197166],[-119.21475284093556,40.789381527765244],[-119.21453751431896,40.789517563678075],[-119.21431903671143,40.789648479133234],[-119.21409752985383,40.78977420118155],[-119.21387311717503,40.78989465976773],[-119.21364592372304,40.7900097877694],[-119.21341607609543,40.79011952103453],[-119.21318370236871,40.790223798417166]]},"properties":{"OBJECTID":477,"name":"A","source":"annular","kind":"annular","width_ft":30}},{"type":"Feature","id":478,"geometry":{"type":"LineString","coordinates":[[-119.21239817214844,40.78918984296264],[-119.21318370236871,40.790223798417166]]},"properties":{"OBJECTID":478,"name":"9:30","source":"radial","kind":"avenue","width_ft":40}},{"type":"Feature","id":479,"geometry":{"type":"LineString","coordinates":[[-119.22491610913512,40.78860826170843],[-119.22477914944326,40.78885268160222],[-119.224636959537,40.78909409633299],[-119.22448960532466,40.78933239399934],[-119.22433715510843,40.78956746414471],[-119.22417967955253,40.78979919780858],[-119.22401725165058,40.79002748757695],[-119.22384994669173,40.790252227632166]]},"properties":{"OBJECTID":479,"name":"H","source":"annular","kind":"annular","width_ft":30}},{"type":"Feature","id":480,"geometry":{"type":"LineString","coordinates":[[-119.22297415544993,40.78986808296822],[-119.22384994669173,40.790252227632166]]},"properties":{"OBJECTID":480,"name":"8:30","source":"radial","kind":"avenue","width_ft":40}},{"type":"Feature","id":481,"geometry":{"type":"LineString","coordinates":[[-119.2196900548428,40.788427492967244],[-119.21957697586882,40.78857362717685],[-119.21946076567835,40.788718335483686],[-119.21934145537091,40.788861579136544],[-119.21921907687678,40.7890033197762],[-119.21909366294855,40.7891435194457],[-119.21896524715233,40.7892821406005],[-119.21883386385868,40.7894191461185],[-119.21869954823354,40.789554499310135],[-119.21856233622877,40.78968816392802],[-119.21842226457254,40.78982010417675],[-119.2182793707595,40.789950284722565],[-119.21813369304076,40.790078670702705],[-119.21798527041365,40.790205227734795],[-119.21783414261124,40.7903299219261],[-119.21768035009183,40.79045271988256],[-119.21752393402798,40.79057358871776]]},"properties":{"OBJECTID":481,"name":"D","source":"annular","kind":"annular","width_ft":30}},{"type":"Feature","id":482,"geometry":{"type":"LineString","coordinates":[[-119.21680885123179,40.79003021916714],[-119.21752393402798,40.79057358871776]]},"properties":{"OBJECTID":482,"name":"9:00","source":"radial","kind":"avenue","width_ft":40}},{"type":"Feature","id":483,"geometry":{"type":"LineString","coordinates":[[-119.22585036511141,40.788902220391826],[-119.22570589558327,40.789160047195104],[-119.22555590886958,40.78941470400488],[-119.2254004744948,40.789666072778175],[-119.22523966450862,40.78991403699614],[-119.22507355345248,40.79015848171806],[-119.22490221832507,40.790399293634636],[-119.22472573854667,40.79063636112052]]},"properties":{"OBJECTID":483,"name":"I","source":"annular","kind":"annular","width_ft":30}},{"type":"Feature","id":484,"geometry":{"type":"LineString","coordinates":[[-119.22384994669173,40.790252227632166],[-119.22472573854667,40.79063636112052]]},"properties":{"OBJECTID":484,"name":"8:30","source":"radial","kind":"avenue","width_ft":40}},{"type":"Feature","id":485,"geometry":{"type":"LineString","coordinates":[[-119.22209838259542,40.78948393523105],[-119.22191305999206,40.789721522869804],[-119.2217222229298,40.78995470427789],[-119.2215259761343,40.79018335149232],[-119.22132442729995,40.79040733903835],[-119.2211176870307,40.79062654399833],[-119.22090586877943,40.79084084607913]]},"properties":{"OBJECTID":485,"name":"F","source":"annular","kind":"annular","width_ft":30}},{"type":"Feature","id":486,"geometry":{"type":"LineString","coordinates":[[-119.22645095539475,40.78909118725641],[-119.22630165963916,40.789357633327036],[-119.22614666218668,40.78962080346386],[-119.22598603488618,40.7898805756747],[-119.22581985219624,40.79013682954248],[-119.22564819115063,40.79038944628106],[-119.2254711313226,40.79063830879028],[-119.22528875478802,40.790883301710224]]},"properties":{"OBJECTID":486,"name":"J","source":"annular","kind":"annular","width_ft":30}},{"type":"Feature","id":487,"geometry":{"type":"LineString","coordinates":[[-119.22472573854667,40.79063636112052],[-119.22528875478802,40.790883301710224]]},"properties":{"OBJECTID":487,"name":"8:30","source":"radial","kind":"avenue","width_ft":40}},{"type":"Feature","id":488,"geometry":{"type":"LineString","coordinates":[[-119.21609378246353,40.78948684693357],[-119.21595837109102,40.78958811329274],[-119.21582079742437,40.78968768201591],[-119.21568109829633,40.7897855264386],[-119.2155393111094,40.78988162035785],[-119.21539547382572,40.78997593803954],[-119.21524962495697,40.79006845422501],[-119.21510180355402,40.790159144138],[-119.21495204919641,40.79024798349119],[-119.21480040198198,40.790334948492784],[-119.21464690251584,40.790420015852874],[-119.21449159189972,40.79050316278967],[-119.21433451172074,40.790584367035535],[-119.21417570404054,40.79066360684309],[-119.21401521138377,40.79074086099101],[-119.21385307672676,40.79081610878958],[-119.21368934348621,40.79088933008643]]},"properties":{"OBJECTID":488,"name":"B","source":"annular","kind":"annular","width_ft":30}},{"type":"Feature","id":489,"geometry":{"type":"LineString","coordinates":[[-119.21318370236871,40.790223798417166],[-119.21368934348621,40.79088933008643]]},"properties":{"OBJECTID":489,"name":"9:30","source":"radial","kind":"avenue","width_ft":40}},{"type":"Feature","id":490,"geometry":{"type":"LineString","coordinates":[[-119.21318370236871,40.790223798417166],[-119.21290884694154,40.790339799057186],[-119.21263133250984,40.79044928601773],[-119.21235131341345,40.790552198407575],[-119.21206894538514,40.790648478991905],[-119.21178438546407,40.79073807422424],[-119.21149779190844,40.790820934276105],[-119.2112093241074,40.79089701306486],[-119.21091914249253,40.79096626827922],[-119.21062740844849,40.79102866140286]]},"properties":{"OBJECTID":490,"name":"A","source":"annular","kind":"annular","width_ft":30}},{"type":"Feature","id":491,"geometry":{"type":"LineString","coordinates":[[-119.21022077828457,40.78987540273406],[-119.21062740844849,40.79102866140286]]},"properties":{"OBJECTID":491,"name":"10:00","source":"radial","kind":"avenue","width_ft":40}},{"type":"Feature","id":492,"geometry":{"type":"LineString","coordinates":[[-119.22058144166138,40.78881852092165],[-119.22045982673981,40.78897568858126],[-119.22033484412701,40.78913132270081],[-119.22020652726906,40.78928538160253],[-119.22007491050569,40.78943782403026],[-119.21994002906101,40.78958860916035],[-119.21980191903418,40.78973769661281],[-119.21966061738969,40.78988504646194],[-119.21951616194751,40.79003061924712],[-119.21936859137293,40.79017437598342],[-119.21921794516632,40.79031627817194],[-119.21906426365246,40.79045628781029],[-119.2189075879698,40.790594367402576],[-119.21874796005943,40.79073047996965],[-119.21858542265383,40.79086458905886],[-119.21842001926557,40.79099665875394],[-119.21825179417546,40.79112665368458]]},"properties":{"OBJECTID":492,"name":"E","source":"annular","kind":"annular","width_ft":40}},{"type":"Feature","id":493,"geometry":{"type":"LineString","coordinates":[[-119.21752393402798,40.79057358871776],[-119.21825179417546,40.79112665368458]]},"properties":{"OBJECTID":493,"name":"9:00","source":"radial","kind":"avenue","width_ft":40}},{"type":"Feature","id":494,"geometry":{"type":"LineString","coordinates":[[-119.22708493142848,40.78929065423169],[-119.22693053970804,40.789566198050935],[-119.22677025154752,40.78983835408202],[-119.2266041412498,40.790106996164816],[-119.22643228581664,40.790371999768105],[-119.22625476491304,40.79063324204732],[-119.22607166083026,40.79089060190147],[-119.22588305844766,40.79114396002931]]},"properties":{"OBJECTID":494,"name":"K","source":"annular","kind":"annular","width_ft":50}},{"type":"Feature","id":495,"geometry":{"type":"LineString","coordinates":[[-119.22528875478802,40.790883301710224],[-119.22588305844766,40.79114396002931]]},"properties":{"OBJECTID":495,"name":"8:30","source":"radial","kind":"avenue","width_ft":40}},{"type":"Feature","id":496,"geometry":{"type":"LineString","coordinates":[[-119.22297415544993,40.78986808296822],[-119.22280588402818,40.790084560062475],[-119.22263329993929,40.79029761483473],[-119.22245647276866,40.790507161381925],[-119.22227547381246,40.790713115215524],[-119.22209037604895,40.79091539329555],[-119.22190125410899,40.791113914064084],[-119.22170818424597,40.79130859747815]]},"properties":{"OBJECTID":496,"name":"G","source":"annular","kind":"annular","width_ft":30}},{"type":"Feature","id":497,"geometry":{"type":"LineString","coordinates":[[-119.22090586877943,40.79084084607913],[-119.22170818424597,40.79130859747815]]},"properties":{"OBJECTID":497,"name":"8:45","source":"radial","kind":"path","width_ft":40}},{"type":"Feature","id":498,"geometry":{"type":"LineString","coordinates":[[-119.21680885123179,40.79003021916714],[-119.21666164670559,40.79014030596729],[-119.21651209148776,40.79024854728172],[-119.21636022561896,40.790354914122716],[-119.2162060897593,40.79045937800434],[-119.21604972517743,40.79056191095023],[-119.21589117373932,40.79066248550089],[-119.21573047789732,40.79076107472136],[-119.21556768067859,40.7908576522081],[-119.21540282567368,40.79095219209631],[-119.21523595702476,40.79104466906681],[-119.2150671194139,40.79113505835268],[-119.21489635805102,40.79122333574612],[-119.21472371866184,40.7913094776048],[-119.21454924747553,40.79139346085823],[-119.21437299121243,40.79147526301398],[-119.2141949970715,40.79155486216366]]},"properties":{"OBJECTID":498,"name":"C","source":"annular","kind":"annular","width_ft":30}},{"type":"Feature","id":499,"geometry":{"type":"LineString","coordinates":[[-119.21368934348621,40.79088933008643],[-119.2141949970715,40.79155486216366]]},"properties":{"OBJECTID":499,"name":"9:30","source":"radial","kind":"avenue","width_ft":40}},{"type":"Feature","id":500,"geometry":{"type":"LineString","coordinates":[[-119.21368934348621,40.79088933008643],[-119.21341850613862,40.79100401178017],[-119.21314529584217,40.79111291951006],[-119.21286983567539,40.79121600421426],[-119.21259224973039,40.79131321945411],[-119.2123126630569,40.7914045214351],[-119.212031201606,40.79148986902658],[-119.21174799217327,40.79156922378031],[-119.2114631623418,40.79164254994774],[-119.21117684042464,40.79170981449615],[-119.21088915540699,40.79177098712354]]},"properties":{"OBJECTID":500,"name":"B","source":"annular","kind":"annular","width_ft":30}},{"type":"Feature","id":501,"geometry":{"type":"LineString","coordinates":[[-119.21062740844849,40.79102866140286],[-119.21088915540699,40.79177098712354]]},"properties":{"OBJECTID":501,"name":"10:00","source":"radial","kind":"avenue","width_ft":40}},{"type":"Feature","id":502,"geometry":{"type":"LineString","coordinates":[[-119.22384994669173,40.790252227632166],[-119.22367191103102,40.79048126792203],[-119.22348931235496,40.7907066872521],[-119.22330222428883,40.7909283947314],[-119.22311072226812,40.791146300965664],[-119.22291488350801,40.791360318093275],[-119.22271478697235,40.791570359820746],[-119.22251051334169,40.79177634145751]]},"properties":{"OBJECTID":502,"name":"H","source":"annular","kind":"annular","width_ft":30}},{"type":"Feature","id":503,"geometry":{"type":"LineString","coordinates":[[-119.22170818424597,40.79130859747815],[-119.22251051334169,40.79177634145751]]},"properties":{"OBJECTID":503,"name":"8:45","source":"radial","kind":"path","width_ft":40}},{"type":"Feature","id":504,"geometry":{"type":"LineString","coordinates":[[-119.22090586877943,40.79084084607913],[-119.22068129645534,40.79105803355612],[-119.22045204550864,40.7912702766534],[-119.22021822477461,40.791477474610055],[-119.21997994525799,40.7916795290603],[-119.21973732008031,40.791876344080215],[-119.21949046442617,40.792067826233236]]},"properties":{"OBJECTID":504,"name":"F","source":"annular","kind":"annular","width_ft":30}},{"type":"Feature","id":505,"geometry":{"type":"LineString","coordinates":[[-119.21825179417546,40.79112665368458],[-119.21949046442617,40.792067826233236]]},"properties":{"OBJECTID":505,"name":"9:00","source":"radial","kind":"avenue","width_ft":40}},{"type":"Feature","id":506,"geometry":{"type":"LineString","coordinates":[[-119.21752393402798,40.79057358871776],[-119.21736493600294,40.79069249585075],[-119.21720339888155,40.790809409643884],[-119.21703936591257,40.79092429878605],[-119.21687288101383,40.79103713250825],[-119.21670398876051,40.79114788059179],[-119.21653273437325,40.79125651337639],[-119.21635916370589,40.79136300176808],[-119.21618332323337,40.791467317247225],[-119.21600526003917,40.79156943187584],[-119.21582502180271,40.791669318305345],[-119.21564265678668,40.791766949783785],[-119.21545821382395,40.791862300162975],[-119.21527174230451,40.79195534390563],[-119.21508329216238,40.79204605609205],[-119.2148929138621,40.792134412426954],[-119.21470065838525,40.792220389245934]]},"properties":{"OBJECTID":506,"name":"D","source":"annular","kind":"annular","width_ft":30}},{"type":"Feature","id":507,"geometry":{"type":"LineString","coordinates":[[-119.2141949970715,40.79155486216366],[-119.21470065838525,40.792220389245934]]},"properties":{"OBJECTID":507,"name":"9:30","source":"radial","kind":"avenue","width_ft":40}},{"type":"Feature","id":508,"geometry":{"type":"LineString","coordinates":[[-119.22472573854667,40.79063636112052],[-119.22453794030665,40.79087796562749],[-119.22434532865647,40.791115750549125],[-119.22414798126155,40.79134962000514],[-119.22394597769684,40.79157947969405],[-119.2237393994148,40.7918052369312],[-119.22352832971245,40.792026800686116],[-119.22331285369793,40.792244081619266]]},"properties":{"OBJECTID":508,"name":"I","source":"annular","kind":"annular","width_ft":30}},{"type":"Feature","id":509,"geometry":{"type":"LineString","coordinates":[[-119.22251051334169,40.79177634145751],[-119.22331285369793,40.792244081619266]]},"properties":{"OBJECTID":509,"name":"8:45","source":"radial","kind":"path","width_ft":40}},{"type":"Feature","id":510,"geometry":{"type":"LineString","coordinates":[[-119.2141949970715,40.79155486216366],[-119.21390056930042,40.79167953297954],[-119.213603561877,40.79179792687777],[-119.21330410860143,40.79190999052254],[-119.21300234437587,40.792015673429766],[-119.21269840514344,40.79211492798988],[-119.21239242782713,40.792207709489226],[-119.21208455026809,40.792293976130246],[-119.21177491116349,40.79237368905027],[-119.21146365000409,40.79244681233908],[-119.21115090701137,40.792513313055004]]},"properties":{"OBJECTID":510,"name":"C","source":"annular","kind":"annular","width_ft":30}},{"type":"Feature","id":511,"geometry":{"type":"LineString","coordinates":[[-119.21088915540699,40.79177098712354],[-119.21115090701137,40.792513313055004]]},"properties":{"OBJECTID":511,"name":"10:00","source":"radial","kind":"avenue","width_ft":40}},{"type":"Feature","id":512,"geometry":{"type":"LineString","coordinates":[[-119.22528875478802,40.790883301710224],[-119.22509467988401,40.79113298295509],[-119.2248956306088,40.79137871691377],[-119.22469168722525,40.7916204044987],[-119.22448293196963,40.79185794825396],[-119.22426944901858,40.79209125239454],[-119.224051324455,40.79232022284498],[-119.2238286462335,40.79254476727728]]},"properties":{"OBJECTID":512,"name":"J","source":"annular","kind":"annular","width_ft":30}},{"type":"Feature","id":513,"geometry":{"type":"LineString","coordinates":[[-119.22331285369793,40.792244081619266],[-119.2238286462335,40.79254476727728]]},"properties":{"OBJECTID":513,"name":"8:45","source":"radial","kind":"path","width_ft":40}},{"type":"Feature","id":514,"geometry":{"type":"LineString","coordinates":[[-119.22170818424597,40.79130859747815],[-119.22150414262401,40.79150654696994],[-119.22129643978163,40.791700651359506],[-119.22108514816651,40.79189084294231],[-119.22087034147819,40.792077055378634],[-119.22065209464226,40.792259223716705],[-119.22043048378424,40.792437284415335],[-119.22020558620305,40.79261117536611]]},"properties":{"OBJECTID":514,"name":"G","source":"annular","kind":"annular","width_ft":30}},{"type":"Feature","id":515,"geometry":{"type":"LineString","coordinates":[[-119.21949046442617,40.792067826233236],[-119.22020558620305,40.79261117536611]]},"properties":{"OBJECTID":515,"name":"9:00","source":"radial","kind":"avenue","width_ft":40}},{"type":"Feature","id":516,"geometry":{"type":"LineString","coordinates":[[-119.22588305844766,40.79114396002931],[-119.22568235938473,40.79140216740037],[-119.22547651602054,40.79165629270361],[-119.22526561135957,40.791906233465234],[-119.22504973044732,40.79215188889883],[-119.22482896033584,40.792393159946016],[-119.22460339004874,40.79262994931636],[-119.22437311054524,40.792862161526635]]},"properties":{"OBJECTID":516,"name":"K","source":"annular","kind":"annular","width_ft":50}},{"type":"Feature","id":517,"geometry":{"type":"LineString","coordinates":[[-119.2238286462335,40.79254476727728],[-119.22437311054524,40.792862161526635]]},"properties":{"OBJECTID":517,"name":"8:45","source":"radial","kind":"path","width_ft":40}},{"type":"Feature","id":518,"geometry":{"type":"LineString","coordinates":[[-119.21825179417546,40.79112665368458],[-119.21808079241528,40.79125453906162],[-119.21790705977125,40.791380280608756],[-119.21773064275737,40.791503844649846],[-119.21755158860731,40.791625198091744],[-119.21736994526188,40.7917443084332],[-119.21718576135609,40.79186114377354],[-119.21699908620614,40.791975672821195],[-119.21680996979624,40.79208786490219],[-119.21661846276528,40.792197689968205],[-119.21642461639313,40.79230511860485],[-119.2162284825869,40.792410122039335],[-119.21603011386723,40.7925126721483],[-119.21582956335408,40.79261274146535],[-119.21562688475237,40.79271030318843],[-119.21542213233785,40.792805331187],[-119.21521536094242,40.792897800008944]]},"properties":{"OBJECTID":518,"name":"E","source":"annular","kind":"annular","width_ft":40}},{"type":"Feature","id":519,"geometry":{"type":"LineString","coordinates":[[-119.21470065838525,40.792220389245934],[-119.21521536094242,40.792897800008944]]},"properties":{"OBJECTID":519,"name":"9:30","source":"radial","kind":"avenue","width_ft":40}},{"type":"Feature","id":520,"geometry":{"type":"LineString","coordinates":[[-119.21949046442617,40.792067826233236],[-119.21923074996704,40.79226071213073],[-119.21896717030631,40.792448281670346],[-119.21869983425276,40.79263045742121],[-119.2184288521658,40.79280716417908],[-119.21815433590994,40.792978328997336],[-119.21787639880871,40.793143881217176]]},"properties":{"OBJECTID":520,"name":"F","source":"annular","kind":"annular","width_ft":30}},{"type":"Feature","id":521,"geometry":{"type":"LineString","coordinates":[[-119.22251051334169,40.79177634145751],[-119.22229463202193,40.791985780251096],[-119.22207487691212,40.79219115075576],[-119.2218513246665,40.79239238133484],[-119.22162405326385,40.79258940179575],[-119.22139314198024,40.79278214341445],[-119.2211586713614,40.79297053895944],[-119.22092072319457,40.7931545227152]]},"properties":{"OBJECTID":521,"name":"H","source":"annular","kind":"annular","width_ft":30}},{"type":"Feature","id":522,"geometry":{"type":"LineString","coordinates":[[-119.22020558620305,40.79261117536611],[-119.22092072319457,40.7931545227152]]},"properties":{"OBJECTID":522,"name":"9:00","source":"radial","kind":"avenue","width_ft":40}},{"type":"Feature","id":523,"geometry":{"type":"LineString","coordinates":[[-119.21470065838525,40.792220389245934],[-119.21441166821695,40.79234308705795],[-119.21412036444305,40.792460186083375],[-119.21382685552048,40.79257164272439],[-119.21353125072724,40.79267741548395],[-119.21323366012163,40.79277746498119],[-119.21293419450129,40.79287175396612],[-119.21263296536195,40.79296024733347],[-119.21233008485595,40.793042912135775],[-119.21202566575047,40.79311971759563],[-119.21171982138549,40.793190635117156],[-119.21141266563167,40.79325563829666]]},"properties":{"OBJECTID":523,"name":"D","source":"annular","kind":"annular","width_ft":30}},{"type":"Feature","id":524,"geometry":{"type":"LineString","coordinates":[[-119.21115090701137,40.792513313055004],[-119.21141266563167,40.79325563829666]]},"properties":{"OBJECTID":524,"name":"10:00","source":"radial","kind":"avenue","width_ft":40}},{"type":"Feature","id":525,"geometry":{"type":"LineString","coordinates":[[-119.22331285369793,40.792244081619266],[-119.22308513257191,40.7924650096354],[-119.2228533250847,40.79268164617069],[-119.22261751209726,40.79289391565626],[-119.22237777586774,40.79310174404655],[-119.22213420002288,40.793305058845206],[-119.22188686952876,40.79350378913033],[-119.22163587066116,40.793697865579226]]},"properties":{"OBJECTID":525,"name":"I","source":"annular","kind":"annular","width_ft":30}},{"type":"Feature","id":526,"geometry":{"type":"LineString","coordinates":[[-119.22092072319457,40.7931545227152],[-119.22163587066116,40.793697865579226]]},"properties":{"OBJECTID":526,"name":"9:00","source":"radial","kind":"avenue","width_ft":40}},{"type":"Feature","id":527,"geometry":{"type":"LineString","coordinates":[[-119.22020558620305,40.79261117536611],[-119.21992987132529,40.792815946004666],[-119.21965005303652,40.7930150726817],[-119.219366246852,40.79320847319324],[-119.21907856993332,40.79339606769924],[-119.21878714103991,40.79357777875648],[-119.21849208048017,40.79375353135055]]},"properties":{"OBJECTID":527,"name":"G","source":"annular","kind":"annular","width_ft":30}},{"type":"Feature","id":528,"geometry":{"type":"LineString","coordinates":[[-119.21787639880871,40.793143881217176],[-119.21849208048017,40.79375353135055]]},"properties":{"OBJECTID":528,"name":"9:15","source":"radial","kind":"path","width_ft":40}},{"type":"Feature","id":529,"geometry":{"type":"LineString","coordinates":[[-119.21521536094242,40.792897800008944],[-119.21490455025996,40.793029762524405],[-119.21459125126377,40.793155703482036],[-119.21427558060111,40.7932755759916],[-119.2139576558022,40.793389335422255],[-119.21363759523659,40.793496939419185],[-119.21331551806895,40.79359834791934],[-119.2129915442148,40.793693523166404],[-119.21266579429586,40.79378242972479],[-119.21233838959506,40.79386503449289],[-119.21200945201146,40.793941306715354],[-119.21167910401486,40.79401121799456]]},"properties":{"OBJECTID":529,"name":"E","source":"annular","kind":"annular","width_ft":40}},{"type":"Feature","id":530,"geometry":{"type":"LineString","coordinates":[[-119.21141266563167,40.79325563829666],[-119.21167910401486,40.79401121799456]]},"properties":{"OBJECTID":530,"name":"10:00","source":"radial","kind":"avenue","width_ft":40}},{"type":"Feature","id":531,"geometry":{"type":"LineString","coordinates":[[-119.2238286462335,40.79254476727728],[-119.22359331384962,40.79277308105782],[-119.22335375845441,40.79299695987752],[-119.22311006361309,40.79321632563967],[-119.22286231433489,40.793431101821874],[-119.22261059704337,40.793641213502745],[-119.22235499954625,40.79384658738803],[-119.22209561100483,40.79404715183618]]},"properties":{"OBJECTID":531,"name":"J","source":"annular","kind":"annular","width_ft":30}},{"type":"Feature","id":532,"geometry":{"type":"LineString","coordinates":[[-119.22163587066116,40.793697865579226],[-119.22209561100483,40.79404715183618]]},"properties":{"OBJECTID":532,"name":"9:00","source":"radial","kind":"avenue","width_ft":40}},{"type":"Feature","id":533,"geometry":{"type":"LineString","coordinates":[[-119.21787639880871,40.793143881217176],[-119.21758626705576,40.79330909568173],[-119.21729303701035,40.7934687465315],[-119.21699681534857,40.79362277568605],[-119.21669770983483,40.7937711271101],[-119.2163958292827,40.79391374683391],[-119.21609128351533,40.79405058297289]]},"properties":{"OBJECTID":533,"name":"F","source":"annular","kind":"annular","width_ft":30}},{"type":"Feature","id":534,"geometry":{"type":"LineString","coordinates":[[-119.21521536094242,40.792897800008944],[-119.21609128351533,40.79405058297289]]},"properties":{"OBJECTID":534,"name":"9:30","source":"radial","kind":"avenue","width_ft":40}},{"type":"Feature","id":535,"geometry":{"type":"LineString","coordinates":[[-119.22092072319457,40.7931545227152],[-119.22067095030489,40.79334059130877],[-119.22041797488964,40.793522281862195],[-119.22016187367853,40.793699539267095],[-119.21990272434937,40.79387230975971],[-119.21964060550445,40.79404054093718],[-119.21937559664683,40.79420418177349],[-119.21910777815606,40.79436318263489]]},"properties":{"OBJECTID":535,"name":"H","source":"annular","kind":"annular","width_ft":30}},{"type":"Feature","id":536,"geometry":{"type":"LineString","coordinates":[[-119.21849208048017,40.79375353135055],[-119.21910777815606,40.79436318263489]]},"properties":{"OBJECTID":536,"name":"9:15","source":"radial","kind":"path","width_ft":40}},{"type":"Feature","id":537,"geometry":{"type":"LineString","coordinates":[[-119.22437311054524,40.792862161526635],[-119.22412974424887,40.793098271791735],[-119.22388201068723,40.79332979564349],[-119.22362999628022,40.79355665231664],[-119.22337378894106,40.793778762674016],[-119.22311347804566,40.79399604923419],[-119.22284915440143,40.79420843619845],[-119.22258091021556,40.794415849477296]]},"properties":{"OBJECTID":537,"name":"K","source":"annular","kind":"annular","width_ft":50}},{"type":"Feature","id":538,"geometry":{"type":"LineString","coordinates":[[-119.22209561100483,40.79404715183618],[-119.22258091021556,40.794415849477296]]},"properties":{"OBJECTID":538,"name":"9:00","source":"radial","kind":"avenue","width_ft":40}},{"type":"Feature","id":539,"geometry":{"type":"LineString","coordinates":[[-119.21849208048017,40.79375353135055],[-119.21818407359763,40.79392892607116],[-119.21787277747633,40.79409841433795],[-119.21755830536712,40.794261934490386],[-119.2172407716763,40.79441942703914],[-119.21692029192397,40.79457083468775],[-119.216596982702,40.79471610235347]]},"properties":{"OBJECTID":539,"name":"G","source":"annular","kind":"annular","width_ft":30}},{"type":"Feature","id":540,"geometry":{"type":"LineString","coordinates":[[-119.21609128351533,40.79405058297289],[-119.216596982702,40.79471610235347]]},"properties":{"OBJECTID":540,"name":"9:30","source":"radial","kind":"avenue","width_ft":40}},{"type":"Feature","id":541,"geometry":{"type":"LineString","coordinates":[[-119.21609128351533,40.79405058297289],[-119.2157759624545,40.7941853323056],[-119.21545825671198,40.79431435871856],[-119.21513827014596,40.79443762003294],[-119.21481610736018,40.79455507595457],[-119.21449187366984,40.79466668808704],[-119.21416567506711,40.794772419944294]]},"properties":{"OBJECTID":541,"name":"F","source":"annular","kind":"annular","width_ft":30}},{"type":"Feature","id":542,"geometry":{"type":"LineString","coordinates":[[-119.22163587066116,40.793697865579226],[-119.22137239740366,40.79389414075002],[-119.22110554591326,40.79408579768873],[-119.22083539713019,40.79427277826283],[-119.22056203299479,40.79445502575819],[-119.22028553642268,40.79463248489628],[-119.22000599127956,40.79480510185099],[-119.21972348235589,40.794972824264896]]},"properties":{"OBJECTID":542,"name":"I","source":"annular","kind":"annular","width_ft":30}},{"type":"Feature","id":543,"geometry":{"type":"LineString","coordinates":[[-119.21910777815606,40.79436318263489],[-119.21972348235589,40.794972824264896]]},"properties":{"OBJECTID":543,"name":"9:15","source":"radial","kind":"path","width_ft":40}},{"type":"Feature","id":544,"geometry":{"type":"LineString","coordinates":[[-119.21416567506711,40.794772419944294],[-119.21383077898821,40.794874504754546],[-119.21349416289563,40.794970766368735],[-119.21315592803523,40.79506117583374],[-119.21281617613977,40.7951457059566],[-119.21247500939825,40.79522433131274],[-119.21213253042525,40.79529702825357]]},"properties":{"OBJECTID":544,"name":"F","source":"annular","kind":"annular","width_ft":30}},{"type":"Feature","id":545,"geometry":{"type":"LineString","coordinates":[[-119.21167910401486,40.79401121799456],[-119.21213253042525,40.79529702825357]]},"properties":{"OBJECTID":545,"name":"10:00","source":"radial","kind":"avenue","width_ft":40}},{"type":"Feature","id":546,"geometry":{"type":"LineString","coordinates":[[-119.22209561100483,40.79404715183618],[-119.22182333082827,40.79424998899831],[-119.22154755944545,40.79444805351634],[-119.22126838050359,40.794641285313176],[-119.22098587868349,40.79482962577756],[-119.22070013967385,40.795013017781905],[-119.22041125014529,40.79519140569959],[-119.22011929772404,40.79536473542182]]},"properties":{"OBJECTID":546,"name":"J","source":"annular","kind":"annular","width_ft":30}},{"type":"Feature","id":547,"geometry":{"type":"LineString","coordinates":[[-119.21972348235589,40.794972824264896],[-119.22011929772404,40.79536473542182]]},"properties":{"OBJECTID":547,"name":"9:15","source":"radial","kind":"path","width_ft":40}},{"type":"Feature","id":548,"geometry":{"type":"LineString","coordinates":[[-119.21910777815606,40.79436318263489],[-119.21878189532369,40.79454875706258],[-119.21845253231965,40.794728082186914],[-119.21811980896963,40.79490109276754],[-119.21778384632188,40.7950677258614],[-119.21744476660312,40.79522792084563],[-119.21710269317408,40.795381619439624]]},"properties":{"OBJECTID":548,"name":"H","source":"annular","kind":"annular","width_ft":30}},{"type":"Feature","id":549,"geometry":{"type":"LineString","coordinates":[[-119.216596982702,40.79471610235347],[-119.21710269317408,40.795381619439624]]},"properties":{"OBJECTID":549,"name":"9:30","source":"radial","kind":"avenue","width_ft":40}},{"type":"Feature","id":550,"geometry":{"type":"LineString","coordinates":[[-119.216596982702,40.79471610235347],[-119.21626223304685,40.79485915396843],[-119.21592495176942,40.794996130010354],[-119.21558524912835,40.79512698570119],[-119.21524323617388,40.79525167826366],[-119.21489902471146,40.795370166935264],[-119.21455272726523,40.79548241298154]]},"properties":{"OBJECTID":550,"name":"G","source":"annular","kind":"annular","width_ft":30}},{"type":"Feature","id":551,"geometry":{"type":"LineString","coordinates":[[-119.21416567506711,40.794772419944294],[-119.21455272726523,40.79548241298154]]},"properties":{"OBJECTID":551,"name":"9:45","source":"radial","kind":"path","width_ft":40}},{"type":"Feature","id":552,"geometry":{"type":"LineString","coordinates":[[-119.22258091021556,40.794415849477296],[-119.22229933322856,40.79462561318508],[-119.2220141457854,40.79483044124708],[-119.22172543439089,40.795030271533555],[-119.22143328661875,40.795225043430776],[-119.22113779108504,40.79541469785933],[-119.22083903742127,40.79559917729206],[-119.22053711624726,40.79577842577153]]},"properties":{"OBJECTID":552,"name":"K","source":"annular","kind":"annular","width_ft":50}},{"type":"Feature","id":553,"geometry":{"type":"LineString","coordinates":[[-119.22011929772404,40.79536473542182],[-119.22053711624726,40.79577842577153]]},"properties":{"OBJECTID":553,"name":"9:15","source":"radial","kind":"path","width_ft":40}},{"type":"Feature","id":554,"geometry":{"type":"LineString","coordinates":[[-119.21455272726523,40.79548241298154],[-119.21419719651192,40.79559078879972],[-119.21383983974023,40.795692982597174],[-119.21348076443525,40.79578896363625],[-119.21312007859896,40.79587870304795],[-119.21275789071777,40.795962173840614],[-119.21239430972986,40.796039350908075]]},"properties":{"OBJECTID":554,"name":"G","source":"annular","kind":"annular","width_ft":30}},{"type":"Feature","id":555,"geometry":{"type":"LineString","coordinates":[[-119.21213253042525,40.79529702825357],[-119.21239430972986,40.796039350908075]]},"properties":{"OBJECTID":555,"name":"10:00","source":"radial","kind":"avenue","width_ft":40}},{"type":"Feature","id":556,"geometry":{"type":"LineString","coordinates":[[-119.21972348235589,40.794972824264896],[-119.21942906026248,40.795141016698025],[-119.21913192779218,40.79530437323675],[-119.21883216436777,40.795462850216275],[-119.21852985011527,40.79561640527608],[-119.21822506584256,40.79576499737128],[-119.2179178930177,40.795908586783575],[-119.21760841374726,40.79604713513187]]},"properties":{"OBJECTID":556,"name":"I","source":"annular","kind":"annular","width_ft":30}},{"type":"Feature","id":557,"geometry":{"type":"LineString","coordinates":[[-119.21710269317408,40.795381619439624],[-119.21760841374726,40.79604713513187]]},"properties":{"OBJECTID":557,"name":"9:30","source":"radial","kind":"avenue","width_ft":40}},{"type":"Feature","id":558,"geometry":{"type":"LineString","coordinates":[[-119.21710269317408,40.795381619439624],[-119.21674851506067,40.795532974256695],[-119.21639165836409,40.79567790084074],[-119.21603223974374,40.79581635181404],[-119.21567037669656,40.79594828191583],[-119.21530618751862,40.79607364801706],[-119.21493979126639,40.796192409134484]]},"properties":{"OBJECTID":558,"name":"H","source":"annular","kind":"annular","width_ft":30}},{"type":"Feature","id":559,"geometry":{"type":"LineString","coordinates":[[-119.21455272726523,40.79548241298154],[-119.21493979126639,40.796192409134484]]},"properties":{"OBJECTID":559,"name":"9:45","source":"radial","kind":"path","width_ft":40}},{"type":"Feature","id":560,"geometry":{"type":"LineString","coordinates":[[-119.22011929772404,40.79536473542182],[-119.21981503358658,40.795538551269516],[-119.21950796843343,40.79570736953269],[-119.2191981843435,40.795871145086025],[-119.21888576412238,40.796029834152115],[-119.2185707912804,40.79618339431319],[-119.21825335001016,40.796331784522444],[-119.21793352516409,40.796474965115]]},"properties":{"OBJECTID":560,"name":"J","source":"annular","kind":"annular","width_ft":30}},{"type":"Feature","id":561,"geometry":{"type":"LineString","coordinates":[[-119.21760841374726,40.79604713513187],[-119.21793352516409,40.796474965115]]},"properties":{"OBJECTID":561,"name":"9:30","source":"radial","kind":"avenue","width_ft":40}},{"type":"Feature","id":562,"geometry":{"type":"LineString","coordinates":[[-119.21493979126639,40.796192409134484],[-119.21456362500304,40.79630707519556],[-119.21418552673177,40.79641520040311],[-119.21380561017695,40.79651675223526],[-119.21342398960982,40.79661170014727],[-119.2130407798142,40.7967000155807],[-119.21265609605187,40.79678167197205]]},"properties":{"OBJECTID":562,"name":"H","source":"annular","kind":"annular","width_ft":30}},{"type":"Feature","id":563,"geometry":{"type":"LineString","coordinates":[[-119.21239430972986,40.796039350908075],[-119.21265609605187,40.79678167197205]]},"properties":{"OBJECTID":563,"name":"10:00","source":"radial","kind":"avenue","width_ft":40}},{"type":"Feature","id":564,"geometry":{"type":"LineString","coordinates":[[-119.21760841374726,40.79604713513187],[-119.21728835514848,40.79618439911279],[-119.21696620775678,40.79631668654651],[-119.21664204894633,40.79644396565991],[-119.21631595657442,40.79656620588277],[-119.21598800896275,40.79668337785512],[-119.21565828487861,40.796795453434285],[-119.215326863516,40.79690240570168]]},"properties":{"OBJECTID":564,"name":"I","source":"annular","kind":"annular","width_ft":30}},{"type":"Feature","id":565,"geometry":{"type":"LineString","coordinates":[[-119.21493979126639,40.796192409134484],[-119.215326863516,40.79690240570168]]},"properties":{"OBJECTID":565,"name":"9:45","source":"radial","kind":"path","width_ft":40}},{"type":"Feature","id":566,"geometry":{"type":"LineString","coordinates":[[-119.22053711624726,40.79577842577153],[-119.22022246231951,40.795958176882124],[-119.21990491171348,40.796132759723825],[-119.2195845493118,40.79630212762987],[-119.21926146074874,40.7964662353275],[-119.21893573238725,40.79662503895001],[-119.21860745129592,40.79677849604851],[-119.2182767052257,40.79692656560326]]},"properties":{"OBJECTID":566,"name":"K","source":"annular","kind":"annular","width_ft":50}},{"type":"Feature","id":567,"geometry":{"type":"LineString","coordinates":[[-119.21793352516409,40.796474965115],[-119.2182767052257,40.79692656560326]]},"properties":{"OBJECTID":567,"name":"9:30","source":"radial","kind":"avenue","width_ft":40}},{"type":"Feature","id":568,"geometry":{"type":"LineString","coordinates":[[-119.215326863516,40.79690240570168],[-119.21498687476328,40.79700650414015],[-119.21464537614062,40.79710553710231],[-119.21430244311381,40.79719948270348],[-119.21395815146553,40.79728832018316],[-119.21361257727878,40.7973720299097],[-119.21326579691993,40.797450593384575],[-119.21291788702192,40.797523993246514]]},"properties":{"OBJECTID":568,"name":"I","source":"annular","kind":"annular","width_ft":30}},{"type":"Feature","id":569,"geometry":{"type":"LineString","coordinates":[[-119.21265609605187,40.79678167197205],[-119.21291788702192,40.797523993246514]]},"properties":{"OBJECTID":569,"name":"10:00","source":"radial","kind":"avenue","width_ft":40}},{"type":"Feature","id":570,"geometry":{"type":"LineString","coordinates":[[-119.2182767052257,40.79692656560326],[-119.21793465194632,40.79707326289065],[-119.2175903663057,40.79721464159389],[-119.21724393099664,40.79735066775572],[-119.21689542922825,40.797481308704484],[-119.21654494470597,40.797606533061966],[-119.21619256161148,40.79772631075097],[-119.21583836458247,40.79784061300249]]},"properties":{"OBJECTID":570,"name":"K","source":"annular","kind":"annular","width_ft":50}},{"type":"Feature","id":571,"geometry":{"type":"LineString","coordinates":[[-119.215326863516,40.79690240570168],[-119.21583836458247,40.79784061300249]]},"properties":{"OBJECTID":571,"name":"9:45","source":"radial","kind":"path","width_ft":40}},{"type":"Feature","id":572,"geometry":{"type":"LineString","coordinates":[[-119.21583836458247,40.79784061300249],[-119.21547501067224,40.79795186532035],[-119.215110043124,40.79805770402329],[-119.21474354259043,40.79815810572246],[-119.21437559006296,40.79825304823049],[-119.21400626685389,40.79834251056644],[-119.21363565457844,40.798426472960394],[-119.2132638351367,40.798504916857844]]},"properties":{"OBJECTID":572,"name":"K","source":"annular","kind":"annular","width_ft":50}},{"type":"Feature","id":573,"geometry":{"type":"LineString","coordinates":[[-119.21291788702192,40.797523993246514],[-119.2132638351367,40.798504916857844]]},"properties":{"OBJECTID":573,"name":"10:00","source":"radial","kind":"avenue","width_ft":40}}]}
